2025-07-06 06:46:01,860 - src.face_recognition.utils.managers - INFO - Advanced notification system initialized
2025-07-06 06:46:01,871 - src.face_recognition.core.face_detector - INFO - YuNet face detector initialized (2025 SOTA)
2025-07-06 06:46:02,063 - src.face_recognition.core.face_recognizer - INFO - SFace recognizer initialized (2025 SOTA)
2025-07-06 06:46:02,065 - src.face_recognition.utils.managers - ERROR - Failed to load faces: No module named 'src.facial_recognition'
2025-07-06 06:46:05,615 - src.face_recognition.core.system - INFO - ONNX Runtime available with providers: ['CUDAExecutionProvider', 'CPUExecutionProvider']
2025-07-06 06:49:20,472 - src.face_recognition.utils.managers - INFO - Saved 1 face encodings to database
2025-07-06 06:49:34,261 - src.face_recognition.utils.managers - INFO - Saved 2 face encodings to database
2025-07-06 06:49:36,903 - src.face_recognition.utils.managers - INFO - Saved 3 face encodings to database
2025-07-06 06:50:45,046 - src.face_recognition.utils.managers - INFO - Saved 4 face encodings to database
2025-07-06 06:50:50,910 - src.face_recognition.utils.managers - INFO - Saved 5 face encodings to database
2025-07-06 10:41:36,088 - src.face_recognition.utils.managers - INFO - Advanced notification system initialized
2025-07-06 10:41:36,117 - src.face_recognition.core.face_detector - INFO - YuNet face detector initialized (2025 SOTA)
2025-07-06 10:41:36,292 - src.face_recognition.core.face_recognizer - INFO - SFace recognizer initialized (2025 SOTA)
2025-07-06 10:41:36,292 - src.face_recognition.utils.managers - INFO - Loaded 5 face encodings from database
2025-07-06 10:41:40,513 - src.face_recognition.core.system - INFO - ONNX Runtime available with providers: ['CUDAExecutionProvider', 'CPUExecutionProvider']
2025-07-06 10:45:43,382 - src.face_recognition.utils.managers - INFO - Saved 6 face encodings to database
2025-07-06 10:47:21,643 - src.face_recognition.utils.managers - INFO - Saved 7 face encodings to database
2025-07-06 10:47:32,308 - src.face_recognition.utils.managers - INFO - Saved 8 face encodings to database
2025-07-06 10:47:37,430 - src.face_recognition.utils.managers - INFO - Saved 9 face encodings to database
2025-07-06 10:48:35,576 - src.face_recognition.utils.managers - INFO - Saved 10 face encodings to database
2025-07-06 10:48:38,837 - src.face_recognition.utils.managers - INFO - Saved 11 face encodings to database
2025-07-06 10:49:02,233 - src.face_recognition.utils.managers - INFO - Saved 12 face encodings to database
2025-07-06 10:49:08,590 - src.face_recognition.utils.managers - INFO - Saved 13 face encodings to database
2025-07-06 10:49:11,425 - src.face_recognition.utils.managers - INFO - Saved 14 face encodings to database
2025-07-06 10:49:20,271 - src.face_recognition.utils.managers - INFO - Saved 15 face encodings to database
2025-07-06 10:49:26,763 - src.face_recognition.utils.managers - INFO - Saved 16 face encodings to database
2025-07-06 10:50:00,036 - src.face_recognition.utils.managers - INFO - Saved 16 face encodings to database
2025-07-06 11:09:36,584 - src.face_recognition.utils.managers - INFO - Advanced notification system initialized
2025-07-06 11:09:36,595 - src.face_recognition.core.face_detector - INFO - YuNet face detector initialized (2025 SOTA)
2025-07-06 11:09:36,659 - src.face_recognition.core.face_recognizer - INFO - SFace recognizer initialized (2025 SOTA)
2025-07-06 11:09:36,659 - src.face_recognition.utils.managers - INFO - Loaded 16 face encodings from database
2025-07-06 11:10:31,256 - src.face_recognition.core.system - INFO - ONNX Runtime available with providers: ['CUDAExecutionProvider', 'CPUExecutionProvider']
2025-07-06 11:32:58,923 - src.face_recognition.utils.managers - INFO - Advanced notification system initialized
2025-07-06 11:32:58,933 - src.face_recognition.core.face_detector - INFO - YuNet face detector initialized (2025 SOTA)
2025-07-06 11:32:58,995 - src.face_recognition.core.face_recognizer - INFO - SFace recognizer initialized (2025 SOTA)
2025-07-06 11:32:58,995 - src.face_recognition.utils.managers - INFO - Loaded 16 face encodings from database
2025-07-06 11:33:53,349 - src.face_recognition.core.system - INFO - ONNX Runtime available with providers: ['CUDAExecutionProvider', 'CPUExecutionProvider']
2025-07-06 13:44:09,662 - src.face_recognition.utils.managers - INFO - Advanced notification system initialized
2025-07-06 13:44:09,673 - src.face_recognition.core.face_detector - INFO - YuNet face detector initialized (2025 SOTA)
2025-07-06 13:44:09,758 - src.face_recognition.core.face_recognizer - INFO - SFace recognizer initialized (2025 SOTA)
2025-07-06 13:44:09,759 - src.face_recognition.utils.managers - INFO - Loaded 16 face encodings from database
2025-07-06 13:45:04,290 - src.face_recognition.core.system - INFO - ONNX Runtime available with providers: ['CUDAExecutionProvider', 'CPUExecutionProvider']
2025-07-06 13:50:18,230 - src.face_recognition.utils.managers - INFO - Saved 17 face encodings to database
2025-07-06 13:50:25,344 - src.face_recognition.utils.managers - INFO - Saved 18 face encodings to database
2025-07-06 13:50:28,396 - src.face_recognition.utils.managers - INFO - Saved 19 face encodings to database
2025-07-06 13:50:32,859 - src.face_recognition.utils.managers - INFO - Saved 20 face encodings to database
2025-07-06 13:50:35,915 - src.face_recognition.utils.managers - INFO - Saved 21 face encodings to database
2025-07-06 13:50:44,520 - src.face_recognition.utils.managers - INFO - Saved 22 face encodings to database
2025-07-06 13:50:49,234 - src.face_recognition.utils.managers - INFO - Saved 23 face encodings to database
2025-07-06 13:50:52,115 - src.face_recognition.utils.managers - INFO - Saved 24 face encodings to database
2025-07-06 13:50:58,025 - src.face_recognition.utils.managers - INFO - Saved 25 face encodings to database
2025-07-06 13:51:00,871 - src.face_recognition.utils.managers - INFO - Saved 26 face encodings to database
2025-07-06 13:52:52,673 - src.face_recognition.utils.managers - INFO - Saved 27 face encodings to database
2025-07-06 13:52:56,148 - src.face_recognition.utils.managers - INFO - Saved 28 face encodings to database
2025-07-06 13:52:59,362 - src.face_recognition.utils.managers - INFO - Saved 29 face encodings to database
2025-07-06 13:53:19,523 - src.face_recognition.utils.managers - INFO - Saved 30 face encodings to database
2025-07-06 13:53:23,502 - src.face_recognition.utils.managers - INFO - Saved 31 face encodings to database
2025-07-06 13:53:29,609 - src.face_recognition.utils.managers - INFO - Saved 32 face encodings to database
2025-07-06 13:53:43,423 - src.face_recognition.utils.managers - INFO - Saved 33 face encodings to database
2025-07-06 13:53:45,653 - src.face_recognition.utils.managers - INFO - Saved 34 face encodings to database
2025-07-06 13:53:47,748 - src.face_recognition.utils.managers - INFO - Saved 35 face encodings to database
2025-07-06 13:57:52,494 - src.face_recognition.utils.managers - INFO - Saved 36 face encodings to database
2025-07-06 13:57:57,168 - src.face_recognition.utils.managers - INFO - Saved 37 face encodings to database
2025-07-06 13:58:03,566 - src.face_recognition.utils.managers - INFO - Saved 38 face encodings to database
2025-07-06 13:59:04,164 - src.face_recognition.utils.managers - INFO - Saved 39 face encodings to database
2025-07-06 13:59:17,740 - src.face_recognition.utils.managers - INFO - Saved 40 face encodings to database
2025-07-06 14:00:00,700 - src.face_recognition.utils.managers - INFO - Saved 41 face encodings to database
2025-07-06 14:00:15,970 - src.face_recognition.utils.managers - INFO - Saved 42 face encodings to database
2025-07-06 14:01:02,142 - src.face_recognition.utils.managers - INFO - Saved 43 face encodings to database
2025-07-06 14:01:21,611 - src.face_recognition.utils.managers - INFO - Saved 44 face encodings to database
2025-07-06 14:01:38,127 - src.face_recognition.utils.managers - INFO - Saved 45 face encodings to database
2025-07-06 14:01:40,864 - src.face_recognition.utils.managers - INFO - Saved 46 face encodings to database
2025-07-06 14:01:49,706 - src.face_recognition.utils.managers - INFO - Saved 47 face encodings to database
2025-07-06 14:06:14,433 - src.face_recognition.utils.managers - INFO - Advanced notification system initialized
2025-07-06 14:06:14,444 - src.face_recognition.core.face_detector - INFO - YuNet face detector initialized (2025 SOTA)
2025-07-06 14:06:14,507 - src.face_recognition.core.face_recognizer - INFO - SFace recognizer initialized (2025 SOTA)
2025-07-06 14:06:14,508 - src.face_recognition.utils.managers - INFO - Loaded 47 face encodings from database
2025-07-06 14:07:08,838 - src.face_recognition.core.system - INFO - ONNX Runtime available with providers: ['CUDAExecutionProvider', 'CPUExecutionProvider']
2025-07-06 14:30:39,925 - src.face_recognition.utils.managers - INFO - Advanced notification system initialized
2025-07-06 14:30:39,936 - src.face_recognition.core.face_detector - INFO - YuNet face detector initialized (2025 SOTA)
2025-07-06 14:30:39,995 - src.face_recognition.core.face_recognizer - INFO - SFace recognizer initialized (2025 SOTA)
2025-07-06 14:30:39,996 - src.face_recognition.utils.managers - INFO - Loaded 47 face encodings from database
2025-07-06 14:31:34,233 - src.face_recognition.core.system - INFO - ONNX Runtime available with providers: ['CUDAExecutionProvider', 'CPUExecutionProvider']
2025-07-06 14:45:13,484 - src.face_recognition.utils.managers - INFO - Advanced notification system initialized
2025-07-06 14:45:13,495 - src.face_recognition.core.face_detector - INFO - YuNet face detector initialized (2025 SOTA)
2025-07-06 14:45:13,557 - src.face_recognition.core.face_recognizer - INFO - SFace recognizer initialized (2025 SOTA)
2025-07-06 14:45:13,558 - src.face_recognition.utils.managers - INFO - Loaded 47 face encodings from database
2025-07-06 14:46:07,904 - src.face_recognition.core.system - INFO - ONNX Runtime available with providers: ['CUDAExecutionProvider', 'CPUExecutionProvider']
2025-07-06 14:49:10,828 - src.face_recognition.utils.managers - INFO - Advanced notification system initialized
2025-07-06 14:49:10,839 - src.face_recognition.core.face_detector - INFO - YuNet face detector initialized (2025 SOTA)
2025-07-06 14:49:10,899 - src.face_recognition.core.face_recognizer - INFO - SFace recognizer initialized (2025 SOTA)
2025-07-06 14:49:10,900 - src.face_recognition.utils.managers - INFO - Loaded 47 face encodings from database
2025-07-06 14:50:05,445 - src.face_recognition.core.system - INFO - ONNX Runtime available with providers: ['CUDAExecutionProvider', 'CPUExecutionProvider']
2025-07-06 14:54:04,092 - src.face_recognition.utils.managers - INFO - Advanced notification system initialized
2025-07-06 14:54:04,102 - src.face_recognition.core.face_detector - INFO - YuNet face detector initialized (2025 SOTA)
2025-07-06 14:54:04,162 - src.face_recognition.core.face_recognizer - INFO - SFace recognizer initialized (2025 SOTA)
2025-07-06 14:54:04,162 - src.face_recognition.utils.managers - INFO - Loaded 47 face encodings from database
2025-07-06 14:54:58,718 - src.face_recognition.core.system - INFO - ONNX Runtime available with providers: ['CUDAExecutionProvider', 'CPUExecutionProvider']
2025-07-06 15:03:56,229 - src.face_recognition.utils.managers - INFO - Advanced notification system initialized
2025-07-06 15:03:56,239 - src.face_recognition.core.face_detector - INFO - YuNet face detector initialized (2025 SOTA)
2025-07-06 15:03:56,300 - src.face_recognition.core.face_recognizer - INFO - SFace recognizer initialized (2025 SOTA)
2025-07-06 15:03:56,301 - src.face_recognition.utils.managers - INFO - Loaded 47 face encodings from database
2025-07-06 15:04:50,885 - src.face_recognition.core.system - INFO - ONNX Runtime available with providers: ['CUDAExecutionProvider', 'CPUExecutionProvider']
2025-07-06 15:35:31,053 - src.face_recognition.utils.managers - INFO - Advanced notification system initialized
2025-07-06 15:35:31,063 - src.face_recognition.core.face_detector - INFO - YuNet face detector initialized (2025 SOTA)
2025-07-06 15:35:31,127 - src.face_recognition.core.face_recognizer - INFO - SFace recognizer initialized (2025 SOTA)
2025-07-06 15:35:31,128 - src.face_recognition.utils.managers - INFO - Loaded 47 face encodings from database
2025-07-06 15:36:25,498 - src.face_recognition.core.system - INFO - ONNX Runtime available with providers: ['CUDAExecutionProvider', 'CPUExecutionProvider']
2025-07-06 15:42:11,641 - src.face_recognition.core.embedding_recorder - INFO - Started face embedding recording for Swapnil
2025-07-06 15:42:11,979 - src.face_recognition.core.embedding_recorder - INFO - Face embedding recording stopped manually
2025-07-06 15:43:19,097 - src.face_recognition.core.embedding_recorder - INFO - Started face embedding recording for Swapnil
2025-07-06 15:43:19,234 - src.face_recognition.core.face_detector - WARNING - Pose detection failed: OpenCV(4.11.0) d:\a\opencv-python\opencv-python\opencv\modules\dnn\src\legacy_backend.hpp:135: error: (-215:Assertion failed) mapIt != reuseMap.end() in function 'cv::dnn::dnn4_v20241223::detail::BlobManager::numReferences'

2025-07-06 15:43:19,239 - src.face_recognition.core.embedding_recorder - INFO - Face embedding recording stopped manually
2025-07-06 15:44:26,061 - src.face_recognition.core.embedding_recorder - INFO - Started face embedding recording for Swapnil
2025-07-06 15:44:33,809 - src.face_recognition.core.face_detector - WARNING - Pose detection failed: OpenCV(4.11.0) d:\a\opencv-python\opencv-python\opencv\modules\dnn\src\legacy_backend.hpp:135: error: (-215:Assertion failed) mapIt != reuseMap.end() in function 'cv::dnn::dnn4_v20241223::detail::BlobManager::numReferences'

2025-07-06 15:44:33,811 - src.face_recognition.core.embedding_recorder - INFO - Face embedding recording stopped manually
2025-07-06 15:46:14,338 - src.face_recognition.core.embedding_recorder - INFO - Started face embedding recording for Swapnil
2025-07-06 15:46:14,614 - src.face_recognition.core.embedding_recorder - INFO - Face embedding recording stopped manually
2025-07-06 15:49:54,419 - src.face_recognition.utils.managers - INFO - Advanced notification system initialized
2025-07-06 15:49:54,429 - src.face_recognition.core.face_detector - INFO - YuNet face detector initialized (2025 SOTA)
2025-07-06 15:49:54,492 - src.face_recognition.core.face_recognizer - INFO - SFace recognizer initialized (2025 SOTA)
2025-07-06 15:49:54,492 - src.face_recognition.utils.managers - INFO - Loaded 47 face encodings from database
2025-07-06 15:50:48,857 - src.face_recognition.core.system - INFO - ONNX Runtime available with providers: ['CUDAExecutionProvider', 'CPUExecutionProvider']
2025-07-06 15:51:52,633 - src.face_recognition.core.embedding_recorder - INFO - Started face embedding recording for Swapnil
2025-07-06 15:51:53,385 - src.face_recognition.core.embedding_recorder - INFO - Face embedding recording stopped manually
2025-07-06 15:55:58,467 - src.face_recognition.utils.managers - INFO - Advanced notification system initialized
2025-07-06 15:55:58,478 - src.face_recognition.core.face_detector - INFO - YuNet face detector initialized (2025 SOTA)
2025-07-06 15:55:58,537 - src.face_recognition.core.face_recognizer - INFO - SFace recognizer initialized (2025 SOTA)
2025-07-06 15:55:58,538 - src.face_recognition.utils.managers - INFO - Loaded 47 face encodings from database
2025-07-06 15:56:52,877 - src.face_recognition.core.system - INFO - ONNX Runtime available with providers: ['CUDAExecutionProvider', 'CPUExecutionProvider']
2025-07-06 15:57:24,011 - src.face_recognition.core.embedding_recorder - INFO - Started face embedding recording for Swapnil
2025-07-06 15:57:31,650 - src.face_recognition.core.face_detector - WARNING - Pose detection failed: OpenCV(4.11.0) d:\a\opencv-python\opencv-python\opencv\modules\dnn\src\legacy_backend.hpp:295: error: (-215:Assertion failed) ld.inputBlobs[0]->total() == total(shapes[index]) in function 'cv::dnn::dnn4_v20241223::detail::BlobManager::allocateBlobsForLayer'

2025-07-06 15:57:31,711 - src.face_recognition.core.embedding_recorder - INFO - Face embedding recording stopped manually
2025-07-06 16:03:42,194 - src.face_recognition.utils.managers - INFO - Advanced notification system initialized
2025-07-06 16:03:42,205 - src.face_recognition.core.face_detector - INFO - YuNet face detector initialized (2025 SOTA)
2025-07-06 16:03:42,267 - src.face_recognition.core.face_recognizer - INFO - SFace recognizer initialized (2025 SOTA)
2025-07-06 16:03:42,268 - src.face_recognition.utils.managers - INFO - Loaded 47 face encodings from database
2025-07-06 16:04:36,680 - src.face_recognition.core.system - INFO - ONNX Runtime available with providers: ['CUDAExecutionProvider', 'CPUExecutionProvider']
2025-07-06 16:05:15,284 - src.face_recognition.core.embedding_recorder - INFO - Started face embedding recording for Swapnil
2025-07-06 16:05:23,044 - src.face_recognition.core.embedding_recorder - WARNING - Error extracting embedding: 'FaceRecognizer' object has no attribute 'align_face'
2025-07-06 16:05:23,101 - src.face_recognition.core.embedding_recorder - WARNING - Error extracting embedding: 'FaceRecognizer' object has no attribute 'align_face'
2025-07-06 16:05:23,157 - src.face_recognition.core.embedding_recorder - WARNING - Error extracting embedding: 'FaceRecognizer' object has no attribute 'align_face'
2025-07-06 16:05:23,212 - src.face_recognition.core.embedding_recorder - WARNING - Error extracting embedding: 'FaceRecognizer' object has no attribute 'align_face'
2025-07-06 16:05:23,266 - src.face_recognition.core.embedding_recorder - WARNING - Error extracting embedding: 'FaceRecognizer' object has no attribute 'align_face'
2025-07-06 16:05:23,319 - src.face_recognition.core.embedding_recorder - WARNING - Error extracting embedding: 'FaceRecognizer' object has no attribute 'align_face'
2025-07-06 16:05:23,373 - src.face_recognition.core.embedding_recorder - WARNING - Error extracting embedding: 'FaceRecognizer' object has no attribute 'align_face'
2025-07-06 16:05:23,425 - src.face_recognition.core.embedding_recorder - WARNING - Error extracting embedding: 'FaceRecognizer' object has no attribute 'align_face'
2025-07-06 16:05:23,477 - src.face_recognition.core.embedding_recorder - WARNING - Error extracting embedding: 'FaceRecognizer' object has no attribute 'align_face'
2025-07-06 16:05:23,529 - src.face_recognition.core.embedding_recorder - WARNING - Error extracting embedding: 'FaceRecognizer' object has no attribute 'align_face'
2025-07-06 16:05:23,583 - src.face_recognition.core.embedding_recorder - WARNING - Error extracting embedding: 'FaceRecognizer' object has no attribute 'align_face'
2025-07-06 16:05:23,636 - src.face_recognition.core.embedding_recorder - WARNING - Error extracting embedding: 'FaceRecognizer' object has no attribute 'align_face'
2025-07-06 16:05:23,688 - src.face_recognition.core.embedding_recorder - WARNING - Error extracting embedding: 'FaceRecognizer' object has no attribute 'align_face'
2025-07-06 16:05:23,747 - src.face_recognition.core.embedding_recorder - WARNING - Error extracting embedding: 'FaceRecognizer' object has no attribute 'align_face'
2025-07-06 16:05:23,807 - src.face_recognition.core.embedding_recorder - WARNING - Error extracting embedding: 'FaceRecognizer' object has no attribute 'align_face'
2025-07-06 16:05:23,861 - src.face_recognition.core.embedding_recorder - WARNING - Error extracting embedding: 'FaceRecognizer' object has no attribute 'align_face'
2025-07-06 16:05:23,913 - src.face_recognition.core.embedding_recorder - WARNING - Error extracting embedding: 'FaceRecognizer' object has no attribute 'align_face'
2025-07-06 16:05:23,966 - src.face_recognition.core.embedding_recorder - WARNING - Error extracting embedding: 'FaceRecognizer' object has no attribute 'align_face'
2025-07-06 16:05:24,018 - src.face_recognition.core.embedding_recorder - WARNING - Error extracting embedding: 'FaceRecognizer' object has no attribute 'align_face'
2025-07-06 16:05:24,070 - src.face_recognition.core.embedding_recorder - WARNING - Error extracting embedding: 'FaceRecognizer' object has no attribute 'align_face'
2025-07-06 16:05:24,122 - src.face_recognition.core.embedding_recorder - WARNING - Error extracting embedding: 'FaceRecognizer' object has no attribute 'align_face'
2025-07-06 16:05:24,172 - src.face_recognition.core.embedding_recorder - WARNING - Error extracting embedding: 'FaceRecognizer' object has no attribute 'align_face'
2025-07-06 16:05:24,222 - src.face_recognition.core.embedding_recorder - WARNING - Error extracting embedding: 'FaceRecognizer' object has no attribute 'align_face'
2025-07-06 16:05:24,286 - src.face_recognition.core.embedding_recorder - WARNING - Error extracting embedding: 'FaceRecognizer' object has no attribute 'align_face'
2025-07-06 16:05:24,351 - src.face_recognition.core.embedding_recorder - WARNING - Error extracting embedding: 'FaceRecognizer' object has no attribute 'align_face'
2025-07-06 16:05:24,406 - src.face_recognition.core.embedding_recorder - WARNING - Error extracting embedding: 'FaceRecognizer' object has no attribute 'align_face'
2025-07-06 16:05:24,461 - src.face_recognition.core.embedding_recorder - WARNING - Error extracting embedding: 'FaceRecognizer' object has no attribute 'align_face'
2025-07-06 16:05:24,517 - src.face_recognition.core.embedding_recorder - WARNING - Error extracting embedding: 'FaceRecognizer' object has no attribute 'align_face'
2025-07-06 16:05:24,572 - src.face_recognition.core.embedding_recorder - WARNING - Error extracting embedding: 'FaceRecognizer' object has no attribute 'align_face'
2025-07-06 16:05:24,629 - src.face_recognition.core.embedding_recorder - WARNING - Error extracting embedding: 'FaceRecognizer' object has no attribute 'align_face'
2025-07-06 16:05:24,683 - src.face_recognition.core.embedding_recorder - WARNING - Error extracting embedding: 'FaceRecognizer' object has no attribute 'align_face'
2025-07-06 16:05:24,736 - src.face_recognition.core.embedding_recorder - WARNING - Error extracting embedding: 'FaceRecognizer' object has no attribute 'align_face'
2025-07-06 16:05:24,789 - src.face_recognition.core.embedding_recorder - WARNING - Error extracting embedding: 'FaceRecognizer' object has no attribute 'align_face'
2025-07-06 16:05:24,842 - src.face_recognition.core.embedding_recorder - WARNING - Error extracting embedding: 'FaceRecognizer' object has no attribute 'align_face'
2025-07-06 16:05:24,900 - src.face_recognition.core.embedding_recorder - WARNING - Error extracting embedding: 'FaceRecognizer' object has no attribute 'align_face'
2025-07-06 16:05:24,954 - src.face_recognition.core.embedding_recorder - WARNING - Error extracting embedding: 'FaceRecognizer' object has no attribute 'align_face'
2025-07-06 16:05:25,010 - src.face_recognition.core.embedding_recorder - WARNING - Error extracting embedding: 'FaceRecognizer' object has no attribute 'align_face'
2025-07-06 16:05:25,076 - src.face_recognition.core.embedding_recorder - WARNING - Error extracting embedding: 'FaceRecognizer' object has no attribute 'align_face'
2025-07-06 16:05:25,132 - src.face_recognition.core.embedding_recorder - WARNING - Error extracting embedding: 'FaceRecognizer' object has no attribute 'align_face'
2025-07-06 16:05:25,189 - src.face_recognition.core.embedding_recorder - WARNING - Error extracting embedding: 'FaceRecognizer' object has no attribute 'align_face'
2025-07-06 16:05:25,244 - src.face_recognition.core.embedding_recorder - WARNING - Error extracting embedding: 'FaceRecognizer' object has no attribute 'align_face'
2025-07-06 16:05:25,301 - src.face_recognition.core.embedding_recorder - WARNING - Error extracting embedding: 'FaceRecognizer' object has no attribute 'align_face'
2025-07-06 16:05:25,356 - src.face_recognition.core.embedding_recorder - WARNING - Error extracting embedding: 'FaceRecognizer' object has no attribute 'align_face'
2025-07-06 16:05:25,412 - src.face_recognition.core.embedding_recorder - WARNING - Error extracting embedding: 'FaceRecognizer' object has no attribute 'align_face'
2025-07-06 16:05:25,467 - src.face_recognition.core.embedding_recorder - WARNING - Error extracting embedding: 'FaceRecognizer' object has no attribute 'align_face'
2025-07-06 16:05:25,525 - src.face_recognition.core.embedding_recorder - WARNING - Error extracting embedding: 'FaceRecognizer' object has no attribute 'align_face'
2025-07-06 16:05:25,579 - src.face_recognition.core.embedding_recorder - WARNING - Error extracting embedding: 'FaceRecognizer' object has no attribute 'align_face'
2025-07-06 16:05:25,632 - src.face_recognition.core.embedding_recorder - WARNING - Error extracting embedding: 'FaceRecognizer' object has no attribute 'align_face'
2025-07-06 16:05:25,685 - src.face_recognition.core.embedding_recorder - WARNING - Error extracting embedding: 'FaceRecognizer' object has no attribute 'align_face'
2025-07-06 16:05:25,739 - src.face_recognition.core.embedding_recorder - WARNING - Error extracting embedding: 'FaceRecognizer' object has no attribute 'align_face'
2025-07-06 16:05:25,797 - src.face_recognition.core.embedding_recorder - WARNING - Error extracting embedding: 'FaceRecognizer' object has no attribute 'align_face'
2025-07-06 16:05:25,859 - src.face_recognition.core.embedding_recorder - WARNING - Error extracting embedding: 'FaceRecognizer' object has no attribute 'align_face'
2025-07-06 16:05:25,916 - src.face_recognition.core.embedding_recorder - WARNING - Error extracting embedding: 'FaceRecognizer' object has no attribute 'align_face'
2025-07-06 16:05:25,973 - src.face_recognition.core.embedding_recorder - WARNING - Error extracting embedding: 'FaceRecognizer' object has no attribute 'align_face'
2025-07-06 16:05:26,030 - src.face_recognition.core.embedding_recorder - WARNING - Error extracting embedding: 'FaceRecognizer' object has no attribute 'align_face'
2025-07-06 16:05:26,086 - src.face_recognition.core.embedding_recorder - WARNING - Error extracting embedding: 'FaceRecognizer' object has no attribute 'align_face'
2025-07-06 16:05:26,139 - src.face_recognition.core.embedding_recorder - WARNING - Error extracting embedding: 'FaceRecognizer' object has no attribute 'align_face'
2025-07-06 16:05:26,191 - src.face_recognition.core.embedding_recorder - WARNING - Error extracting embedding: 'FaceRecognizer' object has no attribute 'align_face'
2025-07-06 16:05:26,245 - src.face_recognition.core.embedding_recorder - WARNING - Error extracting embedding: 'FaceRecognizer' object has no attribute 'align_face'
2025-07-06 16:05:26,300 - src.face_recognition.core.embedding_recorder - WARNING - Error extracting embedding: 'FaceRecognizer' object has no attribute 'align_face'
2025-07-06 16:05:26,354 - src.face_recognition.core.embedding_recorder - WARNING - Error extracting embedding: 'FaceRecognizer' object has no attribute 'align_face'
2025-07-06 16:05:26,411 - src.face_recognition.core.embedding_recorder - WARNING - Error extracting embedding: 'FaceRecognizer' object has no attribute 'align_face'
2025-07-06 16:05:26,466 - src.face_recognition.core.embedding_recorder - WARNING - Error extracting embedding: 'FaceRecognizer' object has no attribute 'align_face'
2025-07-06 16:05:26,521 - src.face_recognition.core.embedding_recorder - WARNING - Error extracting embedding: 'FaceRecognizer' object has no attribute 'align_face'
2025-07-06 16:05:26,582 - src.face_recognition.core.embedding_recorder - WARNING - Error extracting embedding: 'FaceRecognizer' object has no attribute 'align_face'
2025-07-06 16:05:26,639 - src.face_recognition.core.embedding_recorder - WARNING - Error extracting embedding: 'FaceRecognizer' object has no attribute 'align_face'
2025-07-06 16:05:26,698 - src.face_recognition.core.embedding_recorder - WARNING - Error extracting embedding: 'FaceRecognizer' object has no attribute 'align_face'
2025-07-06 16:05:26,763 - src.face_recognition.core.embedding_recorder - WARNING - Error extracting embedding: 'FaceRecognizer' object has no attribute 'align_face'
2025-07-06 16:05:26,829 - src.face_recognition.core.embedding_recorder - WARNING - Error extracting embedding: 'FaceRecognizer' object has no attribute 'align_face'
2025-07-06 16:05:26,891 - src.face_recognition.core.embedding_recorder - WARNING - Error extracting embedding: 'FaceRecognizer' object has no attribute 'align_face'
2025-07-06 16:05:26,951 - src.face_recognition.core.embedding_recorder - WARNING - Error extracting embedding: 'FaceRecognizer' object has no attribute 'align_face'
2025-07-06 16:05:27,010 - src.face_recognition.core.embedding_recorder - WARNING - Error extracting embedding: 'FaceRecognizer' object has no attribute 'align_face'
2025-07-06 16:05:27,071 - src.face_recognition.core.embedding_recorder - WARNING - Error extracting embedding: 'FaceRecognizer' object has no attribute 'align_face'
2025-07-06 16:05:27,134 - src.face_recognition.core.embedding_recorder - WARNING - Error extracting embedding: 'FaceRecognizer' object has no attribute 'align_face'
2025-07-06 16:05:27,209 - src.face_recognition.core.embedding_recorder - WARNING - Error extracting embedding: 'FaceRecognizer' object has no attribute 'align_face'
2025-07-06 16:05:27,272 - src.face_recognition.core.embedding_recorder - WARNING - Error extracting embedding: 'FaceRecognizer' object has no attribute 'align_face'
2025-07-06 16:05:27,335 - src.face_recognition.core.embedding_recorder - WARNING - Error extracting embedding: 'FaceRecognizer' object has no attribute 'align_face'
2025-07-06 16:05:27,390 - src.face_recognition.core.embedding_recorder - WARNING - Error extracting embedding: 'FaceRecognizer' object has no attribute 'align_face'
2025-07-06 16:05:27,446 - src.face_recognition.core.embedding_recorder - WARNING - Error extracting embedding: 'FaceRecognizer' object has no attribute 'align_face'
2025-07-06 16:05:27,499 - src.face_recognition.core.embedding_recorder - WARNING - Error extracting embedding: 'FaceRecognizer' object has no attribute 'align_face'
2025-07-06 16:05:27,553 - src.face_recognition.core.embedding_recorder - WARNING - Error extracting embedding: 'FaceRecognizer' object has no attribute 'align_face'
2025-07-06 16:05:27,606 - src.face_recognition.core.embedding_recorder - WARNING - Error extracting embedding: 'FaceRecognizer' object has no attribute 'align_face'
2025-07-06 16:05:27,669 - src.face_recognition.core.embedding_recorder - WARNING - Error extracting embedding: 'FaceRecognizer' object has no attribute 'align_face'
2025-07-06 16:05:27,721 - src.face_recognition.core.embedding_recorder - WARNING - Error extracting embedding: 'FaceRecognizer' object has no attribute 'align_face'
2025-07-06 16:05:27,778 - src.face_recognition.core.embedding_recorder - WARNING - Error extracting embedding: 'FaceRecognizer' object has no attribute 'align_face'
2025-07-06 16:05:27,834 - src.face_recognition.core.embedding_recorder - WARNING - Error extracting embedding: 'FaceRecognizer' object has no attribute 'align_face'
2025-07-06 16:05:27,890 - src.face_recognition.core.embedding_recorder - WARNING - Error extracting embedding: 'FaceRecognizer' object has no attribute 'align_face'
2025-07-06 16:05:27,945 - src.face_recognition.core.embedding_recorder - WARNING - Error extracting embedding: 'FaceRecognizer' object has no attribute 'align_face'
2025-07-06 16:05:28,000 - src.face_recognition.core.embedding_recorder - WARNING - Error extracting embedding: 'FaceRecognizer' object has no attribute 'align_face'
2025-07-06 16:05:28,055 - src.face_recognition.core.embedding_recorder - WARNING - Error extracting embedding: 'FaceRecognizer' object has no attribute 'align_face'
2025-07-06 16:05:28,110 - src.face_recognition.core.embedding_recorder - WARNING - Error extracting embedding: 'FaceRecognizer' object has no attribute 'align_face'
2025-07-06 16:05:28,165 - src.face_recognition.core.embedding_recorder - WARNING - Error extracting embedding: 'FaceRecognizer' object has no attribute 'align_face'
2025-07-06 16:05:28,219 - src.face_recognition.core.embedding_recorder - WARNING - Error extracting embedding: 'FaceRecognizer' object has no attribute 'align_face'
2025-07-06 16:05:28,271 - src.face_recognition.core.embedding_recorder - WARNING - Error extracting embedding: 'FaceRecognizer' object has no attribute 'align_face'
2025-07-06 16:05:28,326 - src.face_recognition.core.embedding_recorder - WARNING - Error extracting embedding: 'FaceRecognizer' object has no attribute 'align_face'
2025-07-06 16:05:28,387 - src.face_recognition.core.embedding_recorder - WARNING - Error extracting embedding: 'FaceRecognizer' object has no attribute 'align_face'
2025-07-06 16:05:28,444 - src.face_recognition.core.embedding_recorder - WARNING - Error extracting embedding: 'FaceRecognizer' object has no attribute 'align_face'
2025-07-06 16:05:28,499 - src.face_recognition.core.embedding_recorder - WARNING - Error extracting embedding: 'FaceRecognizer' object has no attribute 'align_face'
2025-07-06 16:05:28,554 - src.face_recognition.core.embedding_recorder - WARNING - Error extracting embedding: 'FaceRecognizer' object has no attribute 'align_face'
2025-07-06 16:05:28,610 - src.face_recognition.core.embedding_recorder - WARNING - Error extracting embedding: 'FaceRecognizer' object has no attribute 'align_face'
2025-07-06 16:05:28,666 - src.face_recognition.core.embedding_recorder - WARNING - Error extracting embedding: 'FaceRecognizer' object has no attribute 'align_face'
2025-07-06 16:05:28,721 - src.face_recognition.core.embedding_recorder - WARNING - Error extracting embedding: 'FaceRecognizer' object has no attribute 'align_face'
2025-07-06 16:05:28,778 - src.face_recognition.core.embedding_recorder - WARNING - Error extracting embedding: 'FaceRecognizer' object has no attribute 'align_face'
2025-07-06 16:05:28,833 - src.face_recognition.core.embedding_recorder - WARNING - Error extracting embedding: 'FaceRecognizer' object has no attribute 'align_face'
2025-07-06 16:05:28,888 - src.face_recognition.core.embedding_recorder - WARNING - Error extracting embedding: 'FaceRecognizer' object has no attribute 'align_face'
2025-07-06 16:05:28,945 - src.face_recognition.core.embedding_recorder - WARNING - Error extracting embedding: 'FaceRecognizer' object has no attribute 'align_face'
2025-07-06 16:05:29,004 - src.face_recognition.core.embedding_recorder - WARNING - Error extracting embedding: 'FaceRecognizer' object has no attribute 'align_face'
2025-07-06 16:05:29,061 - src.face_recognition.core.embedding_recorder - WARNING - Error extracting embedding: 'FaceRecognizer' object has no attribute 'align_face'
2025-07-06 16:05:29,117 - src.face_recognition.core.embedding_recorder - WARNING - Error extracting embedding: 'FaceRecognizer' object has no attribute 'align_face'
2025-07-06 16:05:29,174 - src.face_recognition.core.embedding_recorder - WARNING - Error extracting embedding: 'FaceRecognizer' object has no attribute 'align_face'
2025-07-06 16:05:29,228 - src.face_recognition.core.embedding_recorder - WARNING - Error extracting embedding: 'FaceRecognizer' object has no attribute 'align_face'
2025-07-06 16:05:29,284 - src.face_recognition.core.embedding_recorder - WARNING - Error extracting embedding: 'FaceRecognizer' object has no attribute 'align_face'
2025-07-06 16:05:29,338 - src.face_recognition.core.embedding_recorder - WARNING - Error extracting embedding: 'FaceRecognizer' object has no attribute 'align_face'
2025-07-06 16:05:29,394 - src.face_recognition.core.embedding_recorder - WARNING - Error extracting embedding: 'FaceRecognizer' object has no attribute 'align_face'
2025-07-06 16:05:29,450 - src.face_recognition.core.embedding_recorder - WARNING - Error extracting embedding: 'FaceRecognizer' object has no attribute 'align_face'
2025-07-06 16:05:29,506 - src.face_recognition.core.embedding_recorder - WARNING - Error extracting embedding: 'FaceRecognizer' object has no attribute 'align_face'
2025-07-06 16:05:29,563 - src.face_recognition.core.embedding_recorder - WARNING - Error extracting embedding: 'FaceRecognizer' object has no attribute 'align_face'
2025-07-06 16:05:29,619 - src.face_recognition.core.embedding_recorder - WARNING - Error extracting embedding: 'FaceRecognizer' object has no attribute 'align_face'
2025-07-06 16:05:29,672 - src.face_recognition.core.embedding_recorder - WARNING - Error extracting embedding: 'FaceRecognizer' object has no attribute 'align_face'
2025-07-06 16:05:29,728 - src.face_recognition.core.embedding_recorder - WARNING - Error extracting embedding: 'FaceRecognizer' object has no attribute 'align_face'
2025-07-06 16:05:29,782 - src.face_recognition.core.embedding_recorder - WARNING - Error extracting embedding: 'FaceRecognizer' object has no attribute 'align_face'
2025-07-06 16:05:29,836 - src.face_recognition.core.embedding_recorder - WARNING - Error extracting embedding: 'FaceRecognizer' object has no attribute 'align_face'
2025-07-06 16:05:29,895 - src.face_recognition.core.embedding_recorder - WARNING - Error extracting embedding: 'FaceRecognizer' object has no attribute 'align_face'
2025-07-06 16:05:29,950 - src.face_recognition.core.embedding_recorder - WARNING - Error extracting embedding: 'FaceRecognizer' object has no attribute 'align_face'
2025-07-06 16:05:30,006 - src.face_recognition.core.embedding_recorder - WARNING - Error extracting embedding: 'FaceRecognizer' object has no attribute 'align_face'
2025-07-06 16:05:30,060 - src.face_recognition.core.embedding_recorder - WARNING - Error extracting embedding: 'FaceRecognizer' object has no attribute 'align_face'
2025-07-06 16:05:30,119 - src.face_recognition.core.embedding_recorder - WARNING - Error extracting embedding: 'FaceRecognizer' object has no attribute 'align_face'
2025-07-06 16:05:30,172 - src.face_recognition.core.embedding_recorder - WARNING - Error extracting embedding: 'FaceRecognizer' object has no attribute 'align_face'
2025-07-06 16:05:30,225 - src.face_recognition.core.embedding_recorder - WARNING - Error extracting embedding: 'FaceRecognizer' object has no attribute 'align_face'
2025-07-06 16:05:30,280 - src.face_recognition.core.embedding_recorder - WARNING - Error extracting embedding: 'FaceRecognizer' object has no attribute 'align_face'
2025-07-06 16:05:30,336 - src.face_recognition.core.embedding_recorder - WARNING - Error extracting embedding: 'FaceRecognizer' object has no attribute 'align_face'
2025-07-06 16:05:30,390 - src.face_recognition.core.embedding_recorder - WARNING - Error extracting embedding: 'FaceRecognizer' object has no attribute 'align_face'
2025-07-06 16:05:30,443 - src.face_recognition.core.embedding_recorder - WARNING - Error extracting embedding: 'FaceRecognizer' object has no attribute 'align_face'
2025-07-06 16:05:30,498 - src.face_recognition.core.embedding_recorder - WARNING - Error extracting embedding: 'FaceRecognizer' object has no attribute 'align_face'
2025-07-06 16:05:30,552 - src.face_recognition.core.embedding_recorder - WARNING - Error extracting embedding: 'FaceRecognizer' object has no attribute 'align_face'
2025-07-06 16:05:30,609 - src.face_recognition.core.embedding_recorder - WARNING - Error extracting embedding: 'FaceRecognizer' object has no attribute 'align_face'
2025-07-06 16:05:30,667 - src.face_recognition.core.embedding_recorder - WARNING - Error extracting embedding: 'FaceRecognizer' object has no attribute 'align_face'
2025-07-06 16:05:30,725 - src.face_recognition.core.embedding_recorder - WARNING - Error extracting embedding: 'FaceRecognizer' object has no attribute 'align_face'
2025-07-06 16:05:30,782 - src.face_recognition.core.embedding_recorder - WARNING - Error extracting embedding: 'FaceRecognizer' object has no attribute 'align_face'
2025-07-06 16:05:30,839 - src.face_recognition.core.embedding_recorder - WARNING - Error extracting embedding: 'FaceRecognizer' object has no attribute 'align_face'
2025-07-06 16:05:30,893 - src.face_recognition.core.embedding_recorder - WARNING - Error extracting embedding: 'FaceRecognizer' object has no attribute 'align_face'
2025-07-06 16:05:30,948 - src.face_recognition.core.embedding_recorder - WARNING - Error extracting embedding: 'FaceRecognizer' object has no attribute 'align_face'
2025-07-06 16:05:31,002 - src.face_recognition.core.embedding_recorder - WARNING - Error extracting embedding: 'FaceRecognizer' object has no attribute 'align_face'
2025-07-06 16:05:31,059 - src.face_recognition.core.embedding_recorder - WARNING - Error extracting embedding: 'FaceRecognizer' object has no attribute 'align_face'
2025-07-06 16:05:31,114 - src.face_recognition.core.embedding_recorder - WARNING - Error extracting embedding: 'FaceRecognizer' object has no attribute 'align_face'
2025-07-06 16:05:31,170 - src.face_recognition.core.embedding_recorder - WARNING - Error extracting embedding: 'FaceRecognizer' object has no attribute 'align_face'
2025-07-06 16:05:31,223 - src.face_recognition.core.embedding_recorder - WARNING - Error extracting embedding: 'FaceRecognizer' object has no attribute 'align_face'
2025-07-06 16:05:31,276 - src.face_recognition.core.embedding_recorder - WARNING - Error extracting embedding: 'FaceRecognizer' object has no attribute 'align_face'
2025-07-06 16:05:31,336 - src.face_recognition.core.embedding_recorder - WARNING - Error extracting embedding: 'FaceRecognizer' object has no attribute 'align_face'
2025-07-06 16:05:31,391 - src.face_recognition.core.embedding_recorder - WARNING - Error extracting embedding: 'FaceRecognizer' object has no attribute 'align_face'
2025-07-06 16:05:31,444 - src.face_recognition.core.embedding_recorder - WARNING - Error extracting embedding: 'FaceRecognizer' object has no attribute 'align_face'
2025-07-06 16:05:31,498 - src.face_recognition.core.embedding_recorder - WARNING - Error extracting embedding: 'FaceRecognizer' object has no attribute 'align_face'
2025-07-06 16:05:31,555 - src.face_recognition.core.embedding_recorder - WARNING - Error extracting embedding: 'FaceRecognizer' object has no attribute 'align_face'
2025-07-06 16:05:31,612 - src.face_recognition.core.embedding_recorder - WARNING - Error extracting embedding: 'FaceRecognizer' object has no attribute 'align_face'
2025-07-06 16:05:31,665 - src.face_recognition.core.embedding_recorder - WARNING - Error extracting embedding: 'FaceRecognizer' object has no attribute 'align_face'
2025-07-06 16:05:31,718 - src.face_recognition.core.embedding_recorder - WARNING - Error extracting embedding: 'FaceRecognizer' object has no attribute 'align_face'
2025-07-06 16:05:31,774 - src.face_recognition.core.embedding_recorder - WARNING - Error extracting embedding: 'FaceRecognizer' object has no attribute 'align_face'
2025-07-06 16:05:31,829 - src.face_recognition.core.embedding_recorder - WARNING - Error extracting embedding: 'FaceRecognizer' object has no attribute 'align_face'
2025-07-06 16:05:31,884 - src.face_recognition.core.embedding_recorder - WARNING - Error extracting embedding: 'FaceRecognizer' object has no attribute 'align_face'
2025-07-06 16:05:31,941 - src.face_recognition.core.embedding_recorder - WARNING - Error extracting embedding: 'FaceRecognizer' object has no attribute 'align_face'
2025-07-06 16:05:31,994 - src.face_recognition.core.embedding_recorder - WARNING - Error extracting embedding: 'FaceRecognizer' object has no attribute 'align_face'
2025-07-06 16:05:32,053 - src.face_recognition.core.embedding_recorder - WARNING - Error extracting embedding: 'FaceRecognizer' object has no attribute 'align_face'
2025-07-06 16:05:32,114 - src.face_recognition.core.embedding_recorder - WARNING - Error extracting embedding: 'FaceRecognizer' object has no attribute 'align_face'
2025-07-06 16:05:32,167 - src.face_recognition.core.embedding_recorder - WARNING - Error extracting embedding: 'FaceRecognizer' object has no attribute 'align_face'
2025-07-06 16:05:32,222 - src.face_recognition.core.embedding_recorder - WARNING - Error extracting embedding: 'FaceRecognizer' object has no attribute 'align_face'
2025-07-06 16:05:32,279 - src.face_recognition.core.embedding_recorder - WARNING - Error extracting embedding: 'FaceRecognizer' object has no attribute 'align_face'
2025-07-06 16:05:32,332 - src.face_recognition.core.embedding_recorder - WARNING - Error extracting embedding: 'FaceRecognizer' object has no attribute 'align_face'
2025-07-06 16:05:32,386 - src.face_recognition.core.embedding_recorder - WARNING - Error extracting embedding: 'FaceRecognizer' object has no attribute 'align_face'
2025-07-06 16:05:32,443 - src.face_recognition.core.embedding_recorder - WARNING - Error extracting embedding: 'FaceRecognizer' object has no attribute 'align_face'
2025-07-06 16:05:32,497 - src.face_recognition.core.embedding_recorder - WARNING - Error extracting embedding: 'FaceRecognizer' object has no attribute 'align_face'
2025-07-06 16:05:32,551 - src.face_recognition.core.embedding_recorder - WARNING - Error extracting embedding: 'FaceRecognizer' object has no attribute 'align_face'
2025-07-06 16:05:32,606 - src.face_recognition.core.embedding_recorder - WARNING - Error extracting embedding: 'FaceRecognizer' object has no attribute 'align_face'
2025-07-06 16:05:32,660 - src.face_recognition.core.embedding_recorder - WARNING - Error extracting embedding: 'FaceRecognizer' object has no attribute 'align_face'
2025-07-06 16:05:32,715 - src.face_recognition.core.embedding_recorder - WARNING - Error extracting embedding: 'FaceRecognizer' object has no attribute 'align_face'
2025-07-06 16:05:32,773 - src.face_recognition.core.embedding_recorder - WARNING - Error extracting embedding: 'FaceRecognizer' object has no attribute 'align_face'
2025-07-06 16:05:32,832 - src.face_recognition.core.embedding_recorder - WARNING - Error extracting embedding: 'FaceRecognizer' object has no attribute 'align_face'
2025-07-06 16:05:32,891 - src.face_recognition.core.embedding_recorder - WARNING - Error extracting embedding: 'FaceRecognizer' object has no attribute 'align_face'
2025-07-06 16:05:32,949 - src.face_recognition.core.embedding_recorder - WARNING - Error extracting embedding: 'FaceRecognizer' object has no attribute 'align_face'
2025-07-06 16:05:33,008 - src.face_recognition.core.embedding_recorder - WARNING - Error extracting embedding: 'FaceRecognizer' object has no attribute 'align_face'
2025-07-06 16:05:33,064 - src.face_recognition.core.embedding_recorder - WARNING - Error extracting embedding: 'FaceRecognizer' object has no attribute 'align_face'
2025-07-06 16:05:33,119 - src.face_recognition.core.embedding_recorder - WARNING - Error extracting embedding: 'FaceRecognizer' object has no attribute 'align_face'
2025-07-06 16:05:33,176 - src.face_recognition.core.embedding_recorder - WARNING - Error extracting embedding: 'FaceRecognizer' object has no attribute 'align_face'
2025-07-06 16:05:33,231 - src.face_recognition.core.embedding_recorder - WARNING - Error extracting embedding: 'FaceRecognizer' object has no attribute 'align_face'
2025-07-06 16:05:33,286 - src.face_recognition.core.embedding_recorder - WARNING - Error extracting embedding: 'FaceRecognizer' object has no attribute 'align_face'
2025-07-06 16:05:33,342 - src.face_recognition.core.embedding_recorder - WARNING - Error extracting embedding: 'FaceRecognizer' object has no attribute 'align_face'
2025-07-06 16:05:33,397 - src.face_recognition.core.embedding_recorder - WARNING - Error extracting embedding: 'FaceRecognizer' object has no attribute 'align_face'
2025-07-06 16:05:33,453 - src.face_recognition.core.embedding_recorder - WARNING - Error extracting embedding: 'FaceRecognizer' object has no attribute 'align_face'
2025-07-06 16:05:33,508 - src.face_recognition.core.embedding_recorder - WARNING - Error extracting embedding: 'FaceRecognizer' object has no attribute 'align_face'
2025-07-06 16:05:33,561 - src.face_recognition.core.embedding_recorder - WARNING - Error extracting embedding: 'FaceRecognizer' object has no attribute 'align_face'
2025-07-06 16:05:33,618 - src.face_recognition.core.embedding_recorder - WARNING - Error extracting embedding: 'FaceRecognizer' object has no attribute 'align_face'
2025-07-06 16:05:33,673 - src.face_recognition.core.embedding_recorder - WARNING - Error extracting embedding: 'FaceRecognizer' object has no attribute 'align_face'
2025-07-06 16:05:33,730 - src.face_recognition.core.embedding_recorder - WARNING - Error extracting embedding: 'FaceRecognizer' object has no attribute 'align_face'
2025-07-06 16:05:33,784 - src.face_recognition.core.embedding_recorder - WARNING - Error extracting embedding: 'FaceRecognizer' object has no attribute 'align_face'
2025-07-06 16:05:33,836 - src.face_recognition.core.embedding_recorder - WARNING - Error extracting embedding: 'FaceRecognizer' object has no attribute 'align_face'
2025-07-06 16:05:33,890 - src.face_recognition.core.embedding_recorder - WARNING - Error extracting embedding: 'FaceRecognizer' object has no attribute 'align_face'
2025-07-06 16:05:33,946 - src.face_recognition.core.embedding_recorder - WARNING - Error extracting embedding: 'FaceRecognizer' object has no attribute 'align_face'
2025-07-06 16:05:34,002 - src.face_recognition.core.embedding_recorder - WARNING - Error extracting embedding: 'FaceRecognizer' object has no attribute 'align_face'
2025-07-06 16:05:34,058 - src.face_recognition.core.embedding_recorder - WARNING - Error extracting embedding: 'FaceRecognizer' object has no attribute 'align_face'
2025-07-06 16:05:34,111 - src.face_recognition.core.embedding_recorder - WARNING - Error extracting embedding: 'FaceRecognizer' object has no attribute 'align_face'
2025-07-06 16:05:34,167 - src.face_recognition.core.embedding_recorder - WARNING - Error extracting embedding: 'FaceRecognizer' object has no attribute 'align_face'
2025-07-06 16:05:34,220 - src.face_recognition.core.embedding_recorder - WARNING - Error extracting embedding: 'FaceRecognizer' object has no attribute 'align_face'
2025-07-06 16:05:34,276 - src.face_recognition.core.embedding_recorder - WARNING - Error extracting embedding: 'FaceRecognizer' object has no attribute 'align_face'
2025-07-06 16:05:34,331 - src.face_recognition.core.embedding_recorder - WARNING - Error extracting embedding: 'FaceRecognizer' object has no attribute 'align_face'
2025-07-06 16:05:34,387 - src.face_recognition.core.embedding_recorder - WARNING - Error extracting embedding: 'FaceRecognizer' object has no attribute 'align_face'
2025-07-06 16:05:34,442 - src.face_recognition.core.embedding_recorder - WARNING - Error extracting embedding: 'FaceRecognizer' object has no attribute 'align_face'
2025-07-06 16:05:34,496 - src.face_recognition.core.embedding_recorder - WARNING - Error extracting embedding: 'FaceRecognizer' object has no attribute 'align_face'
2025-07-06 16:05:34,551 - src.face_recognition.core.embedding_recorder - WARNING - Error extracting embedding: 'FaceRecognizer' object has no attribute 'align_face'
2025-07-06 16:05:34,605 - src.face_recognition.core.embedding_recorder - WARNING - Error extracting embedding: 'FaceRecognizer' object has no attribute 'align_face'
2025-07-06 16:05:34,663 - src.face_recognition.core.embedding_recorder - WARNING - Error extracting embedding: 'FaceRecognizer' object has no attribute 'align_face'
2025-07-06 16:05:34,716 - src.face_recognition.core.embedding_recorder - WARNING - Error extracting embedding: 'FaceRecognizer' object has no attribute 'align_face'
2025-07-06 16:05:34,769 - src.face_recognition.core.embedding_recorder - WARNING - Error extracting embedding: 'FaceRecognizer' object has no attribute 'align_face'
2025-07-06 16:05:34,823 - src.face_recognition.core.embedding_recorder - WARNING - Error extracting embedding: 'FaceRecognizer' object has no attribute 'align_face'
2025-07-06 16:05:34,880 - src.face_recognition.core.embedding_recorder - WARNING - Error extracting embedding: 'FaceRecognizer' object has no attribute 'align_face'
2025-07-06 16:05:34,932 - src.face_recognition.core.embedding_recorder - WARNING - Error extracting embedding: 'FaceRecognizer' object has no attribute 'align_face'
2025-07-06 16:05:34,988 - src.face_recognition.core.embedding_recorder - WARNING - Error extracting embedding: 'FaceRecognizer' object has no attribute 'align_face'
2025-07-06 16:05:35,042 - src.face_recognition.core.embedding_recorder - WARNING - Error extracting embedding: 'FaceRecognizer' object has no attribute 'align_face'
2025-07-06 16:05:35,096 - src.face_recognition.core.embedding_recorder - WARNING - Error extracting embedding: 'FaceRecognizer' object has no attribute 'align_face'
2025-07-06 16:05:35,151 - src.face_recognition.core.embedding_recorder - WARNING - Error extracting embedding: 'FaceRecognizer' object has no attribute 'align_face'
2025-07-06 16:05:35,204 - src.face_recognition.core.embedding_recorder - WARNING - Error extracting embedding: 'FaceRecognizer' object has no attribute 'align_face'
2025-07-06 16:05:35,257 - src.face_recognition.core.embedding_recorder - WARNING - Error extracting embedding: 'FaceRecognizer' object has no attribute 'align_face'
2025-07-06 16:05:35,310 - src.face_recognition.core.embedding_recorder - WARNING - Error extracting embedding: 'FaceRecognizer' object has no attribute 'align_face'
2025-07-06 16:05:35,367 - src.face_recognition.core.embedding_recorder - WARNING - Error extracting embedding: 'FaceRecognizer' object has no attribute 'align_face'
2025-07-06 16:05:35,422 - src.face_recognition.core.embedding_recorder - WARNING - Error extracting embedding: 'FaceRecognizer' object has no attribute 'align_face'
2025-07-06 16:05:35,478 - src.face_recognition.core.embedding_recorder - WARNING - Error extracting embedding: 'FaceRecognizer' object has no attribute 'align_face'
2025-07-06 16:05:35,533 - src.face_recognition.core.embedding_recorder - WARNING - Error extracting embedding: 'FaceRecognizer' object has no attribute 'align_face'
2025-07-06 16:05:35,589 - src.face_recognition.core.embedding_recorder - WARNING - Error extracting embedding: 'FaceRecognizer' object has no attribute 'align_face'
2025-07-06 16:05:35,642 - src.face_recognition.core.embedding_recorder - WARNING - Error extracting embedding: 'FaceRecognizer' object has no attribute 'align_face'
2025-07-06 16:05:35,694 - src.face_recognition.core.embedding_recorder - WARNING - Error extracting embedding: 'FaceRecognizer' object has no attribute 'align_face'
2025-07-06 16:05:35,748 - src.face_recognition.core.embedding_recorder - WARNING - Error extracting embedding: 'FaceRecognizer' object has no attribute 'align_face'
2025-07-06 16:05:35,804 - src.face_recognition.core.embedding_recorder - WARNING - Error extracting embedding: 'FaceRecognizer' object has no attribute 'align_face'
2025-07-06 16:05:35,861 - src.face_recognition.core.embedding_recorder - WARNING - Error extracting embedding: 'FaceRecognizer' object has no attribute 'align_face'
2025-07-06 16:05:35,915 - src.face_recognition.core.embedding_recorder - WARNING - Error extracting embedding: 'FaceRecognizer' object has no attribute 'align_face'
2025-07-06 16:05:35,967 - src.face_recognition.core.embedding_recorder - WARNING - Error extracting embedding: 'FaceRecognizer' object has no attribute 'align_face'
2025-07-06 16:05:36,020 - src.face_recognition.core.embedding_recorder - WARNING - Error extracting embedding: 'FaceRecognizer' object has no attribute 'align_face'
2025-07-06 16:05:36,079 - src.face_recognition.core.embedding_recorder - WARNING - Error extracting embedding: 'FaceRecognizer' object has no attribute 'align_face'
2025-07-06 16:05:36,135 - src.face_recognition.core.embedding_recorder - WARNING - Error extracting embedding: 'FaceRecognizer' object has no attribute 'align_face'
2025-07-06 16:05:36,194 - src.face_recognition.core.embedding_recorder - WARNING - Error extracting embedding: 'FaceRecognizer' object has no attribute 'align_face'
2025-07-06 16:05:36,249 - src.face_recognition.core.embedding_recorder - WARNING - Error extracting embedding: 'FaceRecognizer' object has no attribute 'align_face'
2025-07-06 16:05:36,303 - src.face_recognition.core.embedding_recorder - WARNING - Error extracting embedding: 'FaceRecognizer' object has no attribute 'align_face'
2025-07-06 16:05:36,361 - src.face_recognition.core.embedding_recorder - WARNING - Error extracting embedding: 'FaceRecognizer' object has no attribute 'align_face'
2025-07-06 16:05:36,415 - src.face_recognition.core.embedding_recorder - WARNING - Error extracting embedding: 'FaceRecognizer' object has no attribute 'align_face'
2025-07-06 16:05:36,470 - src.face_recognition.core.embedding_recorder - WARNING - Error extracting embedding: 'FaceRecognizer' object has no attribute 'align_face'
2025-07-06 16:05:36,523 - src.face_recognition.core.embedding_recorder - WARNING - Error extracting embedding: 'FaceRecognizer' object has no attribute 'align_face'
2025-07-06 16:05:36,577 - src.face_recognition.core.embedding_recorder - WARNING - Error extracting embedding: 'FaceRecognizer' object has no attribute 'align_face'
2025-07-06 16:05:36,631 - src.face_recognition.core.embedding_recorder - WARNING - Error extracting embedding: 'FaceRecognizer' object has no attribute 'align_face'
2025-07-06 16:05:36,685 - src.face_recognition.core.embedding_recorder - WARNING - Error extracting embedding: 'FaceRecognizer' object has no attribute 'align_face'
2025-07-06 16:05:36,741 - src.face_recognition.core.embedding_recorder - WARNING - Error extracting embedding: 'FaceRecognizer' object has no attribute 'align_face'
2025-07-06 16:05:36,797 - src.face_recognition.core.embedding_recorder - WARNING - Error extracting embedding: 'FaceRecognizer' object has no attribute 'align_face'
2025-07-06 16:05:36,851 - src.face_recognition.core.embedding_recorder - WARNING - Error extracting embedding: 'FaceRecognizer' object has no attribute 'align_face'
2025-07-06 16:05:36,904 - src.face_recognition.core.embedding_recorder - WARNING - Error extracting embedding: 'FaceRecognizer' object has no attribute 'align_face'
2025-07-06 16:05:36,959 - src.face_recognition.core.embedding_recorder - WARNING - Error extracting embedding: 'FaceRecognizer' object has no attribute 'align_face'
2025-07-06 16:05:37,014 - src.face_recognition.core.embedding_recorder - WARNING - Error extracting embedding: 'FaceRecognizer' object has no attribute 'align_face'
2025-07-06 16:05:37,070 - src.face_recognition.core.embedding_recorder - WARNING - Error extracting embedding: 'FaceRecognizer' object has no attribute 'align_face'
2025-07-06 16:05:37,124 - src.face_recognition.core.embedding_recorder - WARNING - Error extracting embedding: 'FaceRecognizer' object has no attribute 'align_face'
2025-07-06 16:05:37,179 - src.face_recognition.core.embedding_recorder - WARNING - Error extracting embedding: 'FaceRecognizer' object has no attribute 'align_face'
2025-07-06 16:05:37,233 - src.face_recognition.core.embedding_recorder - WARNING - Error extracting embedding: 'FaceRecognizer' object has no attribute 'align_face'
2025-07-06 16:05:37,289 - src.face_recognition.core.embedding_recorder - WARNING - Error extracting embedding: 'FaceRecognizer' object has no attribute 'align_face'
2025-07-06 16:05:37,346 - src.face_recognition.core.embedding_recorder - WARNING - Error extracting embedding: 'FaceRecognizer' object has no attribute 'align_face'
2025-07-06 16:05:37,401 - src.face_recognition.core.embedding_recorder - WARNING - Error extracting embedding: 'FaceRecognizer' object has no attribute 'align_face'
2025-07-06 16:05:37,457 - src.face_recognition.core.embedding_recorder - WARNING - Error extracting embedding: 'FaceRecognizer' object has no attribute 'align_face'
2025-07-06 16:05:37,510 - src.face_recognition.core.embedding_recorder - WARNING - Error extracting embedding: 'FaceRecognizer' object has no attribute 'align_face'
2025-07-06 16:05:37,567 - src.face_recognition.core.embedding_recorder - WARNING - Error extracting embedding: 'FaceRecognizer' object has no attribute 'align_face'
2025-07-06 16:05:37,621 - src.face_recognition.core.embedding_recorder - WARNING - Error extracting embedding: 'FaceRecognizer' object has no attribute 'align_face'
2025-07-06 16:05:37,674 - src.face_recognition.core.embedding_recorder - WARNING - Error extracting embedding: 'FaceRecognizer' object has no attribute 'align_face'
2025-07-06 16:05:37,729 - src.face_recognition.core.embedding_recorder - WARNING - Error extracting embedding: 'FaceRecognizer' object has no attribute 'align_face'
2025-07-06 16:05:37,783 - src.face_recognition.core.embedding_recorder - WARNING - Error extracting embedding: 'FaceRecognizer' object has no attribute 'align_face'
2025-07-06 16:05:37,837 - src.face_recognition.core.embedding_recorder - WARNING - Error extracting embedding: 'FaceRecognizer' object has no attribute 'align_face'
2025-07-06 16:05:37,893 - src.face_recognition.core.embedding_recorder - WARNING - Error extracting embedding: 'FaceRecognizer' object has no attribute 'align_face'
2025-07-06 16:05:37,948 - src.face_recognition.core.embedding_recorder - WARNING - Error extracting embedding: 'FaceRecognizer' object has no attribute 'align_face'
2025-07-06 16:05:38,004 - src.face_recognition.core.embedding_recorder - WARNING - Error extracting embedding: 'FaceRecognizer' object has no attribute 'align_face'
2025-07-06 16:05:38,059 - src.face_recognition.core.embedding_recorder - WARNING - Error extracting embedding: 'FaceRecognizer' object has no attribute 'align_face'
2025-07-06 16:05:38,114 - src.face_recognition.core.embedding_recorder - WARNING - Error extracting embedding: 'FaceRecognizer' object has no attribute 'align_face'
2025-07-06 16:05:38,168 - src.face_recognition.core.embedding_recorder - WARNING - Error extracting embedding: 'FaceRecognizer' object has no attribute 'align_face'
2025-07-06 16:05:38,224 - src.face_recognition.core.embedding_recorder - WARNING - Error extracting embedding: 'FaceRecognizer' object has no attribute 'align_face'
2025-07-06 16:05:38,278 - src.face_recognition.core.embedding_recorder - WARNING - Error extracting embedding: 'FaceRecognizer' object has no attribute 'align_face'
2025-07-06 16:05:38,330 - src.face_recognition.core.embedding_recorder - WARNING - Error extracting embedding: 'FaceRecognizer' object has no attribute 'align_face'
2025-07-06 16:05:38,385 - src.face_recognition.core.embedding_recorder - WARNING - Error extracting embedding: 'FaceRecognizer' object has no attribute 'align_face'
2025-07-06 16:05:38,442 - src.face_recognition.core.embedding_recorder - WARNING - Error extracting embedding: 'FaceRecognizer' object has no attribute 'align_face'
2025-07-06 16:05:38,496 - src.face_recognition.core.embedding_recorder - WARNING - Error extracting embedding: 'FaceRecognizer' object has no attribute 'align_face'
2025-07-06 16:05:38,552 - src.face_recognition.core.embedding_recorder - WARNING - Error extracting embedding: 'FaceRecognizer' object has no attribute 'align_face'
2025-07-06 16:05:38,607 - src.face_recognition.core.embedding_recorder - WARNING - Error extracting embedding: 'FaceRecognizer' object has no attribute 'align_face'
2025-07-06 16:05:38,663 - src.face_recognition.core.embedding_recorder - WARNING - Error extracting embedding: 'FaceRecognizer' object has no attribute 'align_face'
2025-07-06 16:05:38,722 - src.face_recognition.core.embedding_recorder - WARNING - Error extracting embedding: 'FaceRecognizer' object has no attribute 'align_face'
2025-07-06 16:05:38,792 - src.face_recognition.core.embedding_recorder - WARNING - Error extracting embedding: 'FaceRecognizer' object has no attribute 'align_face'
2025-07-06 16:05:38,853 - src.face_recognition.core.embedding_recorder - WARNING - Error extracting embedding: 'FaceRecognizer' object has no attribute 'align_face'
2025-07-06 16:05:38,909 - src.face_recognition.core.embedding_recorder - WARNING - Error extracting embedding: 'FaceRecognizer' object has no attribute 'align_face'
2025-07-06 16:05:38,961 - src.face_recognition.core.embedding_recorder - WARNING - Error extracting embedding: 'FaceRecognizer' object has no attribute 'align_face'
2025-07-06 16:05:39,018 - src.face_recognition.core.embedding_recorder - WARNING - Error extracting embedding: 'FaceRecognizer' object has no attribute 'align_face'
2025-07-06 16:05:39,074 - src.face_recognition.core.embedding_recorder - WARNING - Error extracting embedding: 'FaceRecognizer' object has no attribute 'align_face'
2025-07-06 16:05:39,128 - src.face_recognition.core.embedding_recorder - WARNING - Error extracting embedding: 'FaceRecognizer' object has no attribute 'align_face'
2025-07-06 16:05:39,184 - src.face_recognition.core.embedding_recorder - WARNING - Error extracting embedding: 'FaceRecognizer' object has no attribute 'align_face'
2025-07-06 16:05:39,240 - src.face_recognition.core.embedding_recorder - WARNING - Error extracting embedding: 'FaceRecognizer' object has no attribute 'align_face'
2025-07-06 16:05:39,294 - src.face_recognition.core.embedding_recorder - WARNING - Error extracting embedding: 'FaceRecognizer' object has no attribute 'align_face'
2025-07-06 16:05:39,349 - src.face_recognition.core.embedding_recorder - WARNING - Error extracting embedding: 'FaceRecognizer' object has no attribute 'align_face'
2025-07-06 16:05:39,402 - src.face_recognition.core.embedding_recorder - WARNING - Error extracting embedding: 'FaceRecognizer' object has no attribute 'align_face'
2025-07-06 16:05:39,454 - src.face_recognition.core.embedding_recorder - WARNING - Error extracting embedding: 'FaceRecognizer' object has no attribute 'align_face'
2025-07-06 16:05:39,508 - src.face_recognition.core.embedding_recorder - WARNING - Error extracting embedding: 'FaceRecognizer' object has no attribute 'align_face'
2025-07-06 16:05:39,564 - src.face_recognition.core.embedding_recorder - WARNING - Error extracting embedding: 'FaceRecognizer' object has no attribute 'align_face'
2025-07-06 16:05:39,622 - src.face_recognition.core.embedding_recorder - WARNING - Error extracting embedding: 'FaceRecognizer' object has no attribute 'align_face'
2025-07-06 16:05:39,678 - src.face_recognition.core.embedding_recorder - WARNING - Error extracting embedding: 'FaceRecognizer' object has no attribute 'align_face'
2025-07-06 16:05:39,731 - src.face_recognition.core.embedding_recorder - WARNING - Error extracting embedding: 'FaceRecognizer' object has no attribute 'align_face'
2025-07-06 16:05:39,786 - src.face_recognition.core.embedding_recorder - WARNING - Error extracting embedding: 'FaceRecognizer' object has no attribute 'align_face'
2025-07-06 16:05:39,840 - src.face_recognition.core.embedding_recorder - WARNING - Error extracting embedding: 'FaceRecognizer' object has no attribute 'align_face'
2025-07-06 16:05:39,895 - src.face_recognition.core.embedding_recorder - WARNING - Error extracting embedding: 'FaceRecognizer' object has no attribute 'align_face'
2025-07-06 16:05:39,948 - src.face_recognition.core.embedding_recorder - WARNING - Error extracting embedding: 'FaceRecognizer' object has no attribute 'align_face'
2025-07-06 16:05:40,002 - src.face_recognition.core.embedding_recorder - WARNING - Error extracting embedding: 'FaceRecognizer' object has no attribute 'align_face'
2025-07-06 16:05:40,056 - src.face_recognition.core.embedding_recorder - WARNING - Error extracting embedding: 'FaceRecognizer' object has no attribute 'align_face'
2025-07-06 16:05:40,112 - src.face_recognition.core.embedding_recorder - WARNING - Error extracting embedding: 'FaceRecognizer' object has no attribute 'align_face'
2025-07-06 16:05:40,165 - src.face_recognition.core.embedding_recorder - WARNING - Error extracting embedding: 'FaceRecognizer' object has no attribute 'align_face'
2025-07-06 16:05:40,226 - src.face_recognition.core.embedding_recorder - WARNING - Error extracting embedding: 'FaceRecognizer' object has no attribute 'align_face'
2025-07-06 16:05:40,292 - src.face_recognition.core.embedding_recorder - WARNING - Error extracting embedding: 'FaceRecognizer' object has no attribute 'align_face'
2025-07-06 16:05:40,347 - src.face_recognition.core.embedding_recorder - WARNING - Error extracting embedding: 'FaceRecognizer' object has no attribute 'align_face'
2025-07-06 16:05:40,401 - src.face_recognition.core.embedding_recorder - WARNING - Error extracting embedding: 'FaceRecognizer' object has no attribute 'align_face'
2025-07-06 16:05:40,458 - src.face_recognition.core.embedding_recorder - WARNING - Error extracting embedding: 'FaceRecognizer' object has no attribute 'align_face'
2025-07-06 16:05:40,513 - src.face_recognition.core.embedding_recorder - WARNING - Error extracting embedding: 'FaceRecognizer' object has no attribute 'align_face'
2025-07-06 16:05:40,567 - src.face_recognition.core.embedding_recorder - WARNING - Error extracting embedding: 'FaceRecognizer' object has no attribute 'align_face'
2025-07-06 16:05:40,619 - src.face_recognition.core.embedding_recorder - WARNING - Error extracting embedding: 'FaceRecognizer' object has no attribute 'align_face'
2025-07-06 16:05:40,674 - src.face_recognition.core.embedding_recorder - WARNING - Error extracting embedding: 'FaceRecognizer' object has no attribute 'align_face'
2025-07-06 16:05:40,726 - src.face_recognition.core.embedding_recorder - WARNING - Error extracting embedding: 'FaceRecognizer' object has no attribute 'align_face'
2025-07-06 16:05:40,777 - src.face_recognition.core.embedding_recorder - WARNING - Error extracting embedding: 'FaceRecognizer' object has no attribute 'align_face'
2025-07-06 16:05:40,833 - src.face_recognition.core.embedding_recorder - WARNING - Error extracting embedding: 'FaceRecognizer' object has no attribute 'align_face'
2025-07-06 16:05:40,890 - src.face_recognition.core.embedding_recorder - WARNING - Error extracting embedding: 'FaceRecognizer' object has no attribute 'align_face'
2025-07-06 16:05:40,945 - src.face_recognition.core.embedding_recorder - WARNING - Error extracting embedding: 'FaceRecognizer' object has no attribute 'align_face'
2025-07-06 16:05:40,999 - src.face_recognition.core.embedding_recorder - WARNING - Error extracting embedding: 'FaceRecognizer' object has no attribute 'align_face'
2025-07-06 16:05:41,051 - src.face_recognition.core.embedding_recorder - WARNING - Error extracting embedding: 'FaceRecognizer' object has no attribute 'align_face'
2025-07-06 16:05:41,107 - src.face_recognition.core.embedding_recorder - WARNING - Error extracting embedding: 'FaceRecognizer' object has no attribute 'align_face'
2025-07-06 16:05:41,161 - src.face_recognition.core.embedding_recorder - WARNING - Error extracting embedding: 'FaceRecognizer' object has no attribute 'align_face'
2025-07-06 16:05:41,212 - src.face_recognition.core.embedding_recorder - WARNING - Error extracting embedding: 'FaceRecognizer' object has no attribute 'align_face'
2025-07-06 16:05:41,265 - src.face_recognition.core.embedding_recorder - WARNING - Error extracting embedding: 'FaceRecognizer' object has no attribute 'align_face'
2025-07-06 16:05:41,318 - src.face_recognition.core.embedding_recorder - WARNING - Error extracting embedding: 'FaceRecognizer' object has no attribute 'align_face'
2025-07-06 16:05:41,373 - src.face_recognition.core.embedding_recorder - WARNING - Error extracting embedding: 'FaceRecognizer' object has no attribute 'align_face'
2025-07-06 16:05:41,428 - src.face_recognition.core.embedding_recorder - WARNING - Error extracting embedding: 'FaceRecognizer' object has no attribute 'align_face'
2025-07-06 16:05:41,483 - src.face_recognition.core.embedding_recorder - WARNING - Error extracting embedding: 'FaceRecognizer' object has no attribute 'align_face'
2025-07-06 16:05:41,537 - src.face_recognition.core.embedding_recorder - WARNING - Error extracting embedding: 'FaceRecognizer' object has no attribute 'align_face'
2025-07-06 16:05:41,592 - src.face_recognition.core.embedding_recorder - WARNING - Error extracting embedding: 'FaceRecognizer' object has no attribute 'align_face'
2025-07-06 16:05:41,646 - src.face_recognition.core.embedding_recorder - WARNING - Error extracting embedding: 'FaceRecognizer' object has no attribute 'align_face'
2025-07-06 16:05:41,699 - src.face_recognition.core.embedding_recorder - WARNING - Error extracting embedding: 'FaceRecognizer' object has no attribute 'align_face'
2025-07-06 16:05:41,753 - src.face_recognition.core.embedding_recorder - WARNING - Error extracting embedding: 'FaceRecognizer' object has no attribute 'align_face'
2025-07-06 16:05:41,805 - src.face_recognition.core.embedding_recorder - WARNING - Error extracting embedding: 'FaceRecognizer' object has no attribute 'align_face'
2025-07-06 16:05:41,862 - src.face_recognition.core.embedding_recorder - WARNING - Error extracting embedding: 'FaceRecognizer' object has no attribute 'align_face'
2025-07-06 16:05:41,917 - src.face_recognition.core.embedding_recorder - WARNING - Error extracting embedding: 'FaceRecognizer' object has no attribute 'align_face'
2025-07-06 16:05:41,974 - src.face_recognition.core.embedding_recorder - WARNING - Error extracting embedding: 'FaceRecognizer' object has no attribute 'align_face'
2025-07-06 16:05:42,029 - src.face_recognition.core.embedding_recorder - WARNING - Error extracting embedding: 'FaceRecognizer' object has no attribute 'align_face'
2025-07-06 16:05:42,088 - src.face_recognition.core.embedding_recorder - WARNING - Error extracting embedding: 'FaceRecognizer' object has no attribute 'align_face'
2025-07-06 16:05:42,144 - src.face_recognition.core.embedding_recorder - WARNING - Error extracting embedding: 'FaceRecognizer' object has no attribute 'align_face'
2025-07-06 16:05:42,198 - src.face_recognition.core.embedding_recorder - WARNING - Error extracting embedding: 'FaceRecognizer' object has no attribute 'align_face'
2025-07-06 16:05:42,253 - src.face_recognition.core.embedding_recorder - WARNING - Error extracting embedding: 'FaceRecognizer' object has no attribute 'align_face'
2025-07-06 16:05:42,309 - src.face_recognition.core.embedding_recorder - WARNING - Error extracting embedding: 'FaceRecognizer' object has no attribute 'align_face'
2025-07-06 16:05:42,362 - src.face_recognition.core.embedding_recorder - WARNING - Error extracting embedding: 'FaceRecognizer' object has no attribute 'align_face'
2025-07-06 16:05:42,415 - src.face_recognition.core.embedding_recorder - WARNING - Error extracting embedding: 'FaceRecognizer' object has no attribute 'align_face'
2025-07-06 16:05:42,471 - src.face_recognition.core.embedding_recorder - WARNING - Error extracting embedding: 'FaceRecognizer' object has no attribute 'align_face'
2025-07-06 16:05:42,525 - src.face_recognition.core.embedding_recorder - WARNING - Error extracting embedding: 'FaceRecognizer' object has no attribute 'align_face'
2025-07-06 16:05:42,579 - src.face_recognition.core.embedding_recorder - WARNING - Error extracting embedding: 'FaceRecognizer' object has no attribute 'align_face'
2025-07-06 16:05:42,635 - src.face_recognition.core.embedding_recorder - WARNING - Error extracting embedding: 'FaceRecognizer' object has no attribute 'align_face'
2025-07-06 16:05:42,691 - src.face_recognition.core.embedding_recorder - WARNING - Error extracting embedding: 'FaceRecognizer' object has no attribute 'align_face'
2025-07-06 16:05:42,745 - src.face_recognition.core.embedding_recorder - WARNING - Error extracting embedding: 'FaceRecognizer' object has no attribute 'align_face'
2025-07-06 16:05:42,798 - src.face_recognition.core.embedding_recorder - WARNING - Error extracting embedding: 'FaceRecognizer' object has no attribute 'align_face'
2025-07-06 16:05:42,853 - src.face_recognition.core.embedding_recorder - WARNING - Error extracting embedding: 'FaceRecognizer' object has no attribute 'align_face'
2025-07-06 16:05:42,907 - src.face_recognition.core.embedding_recorder - WARNING - Error extracting embedding: 'FaceRecognizer' object has no attribute 'align_face'
2025-07-06 16:06:35,676 - src.face_recognition.core.embedding_recorder - INFO - Face embedding recording stopped manually
2025-07-06 16:06:43,325 - src.face_recognition.core.embedding_recorder - INFO - Started face embedding recording for Swapnil
2025-07-06 16:06:49,922 - src.face_recognition.core.embedding_recorder - WARNING - Error extracting embedding: 'FaceRecognizer' object has no attribute 'align_face'
2025-07-06 16:06:49,992 - src.face_recognition.core.embedding_recorder - WARNING - Error extracting embedding: 'FaceRecognizer' object has no attribute 'align_face'
2025-07-06 16:06:50,048 - src.face_recognition.core.embedding_recorder - WARNING - Error extracting embedding: 'FaceRecognizer' object has no attribute 'align_face'
2025-07-06 16:06:50,107 - src.face_recognition.core.embedding_recorder - WARNING - Error extracting embedding: 'FaceRecognizer' object has no attribute 'align_face'
2025-07-06 16:06:50,166 - src.face_recognition.core.embedding_recorder - WARNING - Error extracting embedding: 'FaceRecognizer' object has no attribute 'align_face'
2025-07-06 16:06:50,223 - src.face_recognition.core.embedding_recorder - WARNING - Error extracting embedding: 'FaceRecognizer' object has no attribute 'align_face'
2025-07-06 16:06:50,275 - src.face_recognition.core.embedding_recorder - WARNING - Error extracting embedding: 'FaceRecognizer' object has no attribute 'align_face'
2025-07-06 16:06:50,327 - src.face_recognition.core.embedding_recorder - WARNING - Error extracting embedding: 'FaceRecognizer' object has no attribute 'align_face'
2025-07-06 16:06:50,380 - src.face_recognition.core.embedding_recorder - WARNING - Error extracting embedding: 'FaceRecognizer' object has no attribute 'align_face'
2025-07-06 16:06:50,435 - src.face_recognition.core.embedding_recorder - WARNING - Error extracting embedding: 'FaceRecognizer' object has no attribute 'align_face'
2025-07-06 16:06:50,485 - src.face_recognition.core.embedding_recorder - WARNING - Error extracting embedding: 'FaceRecognizer' object has no attribute 'align_face'
2025-07-06 16:06:50,539 - src.face_recognition.core.embedding_recorder - WARNING - Error extracting embedding: 'FaceRecognizer' object has no attribute 'align_face'
2025-07-06 16:06:50,591 - src.face_recognition.core.embedding_recorder - WARNING - Error extracting embedding: 'FaceRecognizer' object has no attribute 'align_face'
2025-07-06 16:06:50,642 - src.face_recognition.core.embedding_recorder - WARNING - Error extracting embedding: 'FaceRecognizer' object has no attribute 'align_face'
2025-07-06 16:06:50,695 - src.face_recognition.core.embedding_recorder - WARNING - Error extracting embedding: 'FaceRecognizer' object has no attribute 'align_face'
2025-07-06 16:06:50,748 - src.face_recognition.core.embedding_recorder - WARNING - Error extracting embedding: 'FaceRecognizer' object has no attribute 'align_face'
2025-07-06 16:06:50,800 - src.face_recognition.core.embedding_recorder - WARNING - Error extracting embedding: 'FaceRecognizer' object has no attribute 'align_face'
2025-07-06 16:06:50,852 - src.face_recognition.core.embedding_recorder - WARNING - Error extracting embedding: 'FaceRecognizer' object has no attribute 'align_face'
2025-07-06 16:06:50,904 - src.face_recognition.core.embedding_recorder - WARNING - Error extracting embedding: 'FaceRecognizer' object has no attribute 'align_face'
2025-07-06 16:06:50,959 - src.face_recognition.core.embedding_recorder - WARNING - Error extracting embedding: 'FaceRecognizer' object has no attribute 'align_face'
2025-07-06 16:06:51,011 - src.face_recognition.core.embedding_recorder - WARNING - Error extracting embedding: 'FaceRecognizer' object has no attribute 'align_face'
2025-07-06 16:06:51,064 - src.face_recognition.core.embedding_recorder - WARNING - Error extracting embedding: 'FaceRecognizer' object has no attribute 'align_face'
2025-07-06 16:06:51,116 - src.face_recognition.core.embedding_recorder - WARNING - Error extracting embedding: 'FaceRecognizer' object has no attribute 'align_face'
2025-07-06 16:06:51,168 - src.face_recognition.core.embedding_recorder - WARNING - Error extracting embedding: 'FaceRecognizer' object has no attribute 'align_face'
2025-07-06 16:06:51,222 - src.face_recognition.core.embedding_recorder - WARNING - Error extracting embedding: 'FaceRecognizer' object has no attribute 'align_face'
2025-07-06 16:06:51,275 - src.face_recognition.core.embedding_recorder - WARNING - Error extracting embedding: 'FaceRecognizer' object has no attribute 'align_face'
2025-07-06 16:06:51,328 - src.face_recognition.core.embedding_recorder - WARNING - Error extracting embedding: 'FaceRecognizer' object has no attribute 'align_face'
2025-07-06 16:06:51,381 - src.face_recognition.core.embedding_recorder - WARNING - Error extracting embedding: 'FaceRecognizer' object has no attribute 'align_face'
2025-07-06 16:06:51,434 - src.face_recognition.core.embedding_recorder - WARNING - Error extracting embedding: 'FaceRecognizer' object has no attribute 'align_face'
2025-07-06 16:06:51,489 - src.face_recognition.core.embedding_recorder - WARNING - Error extracting embedding: 'FaceRecognizer' object has no attribute 'align_face'
2025-07-06 16:06:51,544 - src.face_recognition.core.embedding_recorder - WARNING - Error extracting embedding: 'FaceRecognizer' object has no attribute 'align_face'
2025-07-06 16:06:51,598 - src.face_recognition.core.embedding_recorder - WARNING - Error extracting embedding: 'FaceRecognizer' object has no attribute 'align_face'
2025-07-06 16:06:51,651 - src.face_recognition.core.embedding_recorder - WARNING - Error extracting embedding: 'FaceRecognizer' object has no attribute 'align_face'
2025-07-06 16:06:51,705 - src.face_recognition.core.embedding_recorder - WARNING - Error extracting embedding: 'FaceRecognizer' object has no attribute 'align_face'
2025-07-06 16:06:51,759 - src.face_recognition.core.embedding_recorder - WARNING - Error extracting embedding: 'FaceRecognizer' object has no attribute 'align_face'
2025-07-06 16:06:51,813 - src.face_recognition.core.embedding_recorder - WARNING - Error extracting embedding: 'FaceRecognizer' object has no attribute 'align_face'
2025-07-06 16:06:51,864 - src.face_recognition.core.embedding_recorder - WARNING - Error extracting embedding: 'FaceRecognizer' object has no attribute 'align_face'
2025-07-06 16:06:51,919 - src.face_recognition.core.embedding_recorder - WARNING - Error extracting embedding: 'FaceRecognizer' object has no attribute 'align_face'
2025-07-06 16:06:51,973 - src.face_recognition.core.embedding_recorder - WARNING - Error extracting embedding: 'FaceRecognizer' object has no attribute 'align_face'
2025-07-06 16:06:52,027 - src.face_recognition.core.embedding_recorder - WARNING - Error extracting embedding: 'FaceRecognizer' object has no attribute 'align_face'
2025-07-06 16:06:52,081 - src.face_recognition.core.embedding_recorder - WARNING - Error extracting embedding: 'FaceRecognizer' object has no attribute 'align_face'
2025-07-06 16:06:52,134 - src.face_recognition.core.embedding_recorder - WARNING - Error extracting embedding: 'FaceRecognizer' object has no attribute 'align_face'
2025-07-06 16:06:52,187 - src.face_recognition.core.embedding_recorder - WARNING - Error extracting embedding: 'FaceRecognizer' object has no attribute 'align_face'
2025-07-06 16:06:52,239 - src.face_recognition.core.embedding_recorder - WARNING - Error extracting embedding: 'FaceRecognizer' object has no attribute 'align_face'
2025-07-06 16:06:52,291 - src.face_recognition.core.embedding_recorder - WARNING - Error extracting embedding: 'FaceRecognizer' object has no attribute 'align_face'
2025-07-06 16:06:52,346 - src.face_recognition.core.embedding_recorder - WARNING - Error extracting embedding: 'FaceRecognizer' object has no attribute 'align_face'
2025-07-06 16:06:52,400 - src.face_recognition.core.embedding_recorder - WARNING - Error extracting embedding: 'FaceRecognizer' object has no attribute 'align_face'
2025-07-06 16:06:52,459 - src.face_recognition.core.embedding_recorder - WARNING - Error extracting embedding: 'FaceRecognizer' object has no attribute 'align_face'
2025-07-06 16:06:52,515 - src.face_recognition.core.embedding_recorder - WARNING - Error extracting embedding: 'FaceRecognizer' object has no attribute 'align_face'
2025-07-06 16:06:52,569 - src.face_recognition.core.embedding_recorder - WARNING - Error extracting embedding: 'FaceRecognizer' object has no attribute 'align_face'
2025-07-06 16:06:52,626 - src.face_recognition.core.embedding_recorder - WARNING - Error extracting embedding: 'FaceRecognizer' object has no attribute 'align_face'
2025-07-06 16:06:52,682 - src.face_recognition.core.embedding_recorder - WARNING - Error extracting embedding: 'FaceRecognizer' object has no attribute 'align_face'
2025-07-06 16:06:52,737 - src.face_recognition.core.embedding_recorder - WARNING - Error extracting embedding: 'FaceRecognizer' object has no attribute 'align_face'
2025-07-06 16:06:52,793 - src.face_recognition.core.embedding_recorder - WARNING - Error extracting embedding: 'FaceRecognizer' object has no attribute 'align_face'
2025-07-06 16:06:52,849 - src.face_recognition.core.embedding_recorder - WARNING - Error extracting embedding: 'FaceRecognizer' object has no attribute 'align_face'
2025-07-06 16:06:52,904 - src.face_recognition.core.embedding_recorder - WARNING - Error extracting embedding: 'FaceRecognizer' object has no attribute 'align_face'
2025-07-06 16:06:52,959 - src.face_recognition.core.embedding_recorder - WARNING - Error extracting embedding: 'FaceRecognizer' object has no attribute 'align_face'
2025-07-06 16:06:53,013 - src.face_recognition.core.embedding_recorder - WARNING - Error extracting embedding: 'FaceRecognizer' object has no attribute 'align_face'
2025-07-06 16:06:53,067 - src.face_recognition.core.embedding_recorder - WARNING - Error extracting embedding: 'FaceRecognizer' object has no attribute 'align_face'
2025-07-06 16:06:53,122 - src.face_recognition.core.embedding_recorder - WARNING - Error extracting embedding: 'FaceRecognizer' object has no attribute 'align_face'
2025-07-06 16:06:53,176 - src.face_recognition.core.embedding_recorder - WARNING - Error extracting embedding: 'FaceRecognizer' object has no attribute 'align_face'
2025-07-06 16:06:53,235 - src.face_recognition.core.embedding_recorder - WARNING - Error extracting embedding: 'FaceRecognizer' object has no attribute 'align_face'
2025-07-06 16:06:53,290 - src.face_recognition.core.embedding_recorder - WARNING - Error extracting embedding: 'FaceRecognizer' object has no attribute 'align_face'
2025-07-06 16:06:53,346 - src.face_recognition.core.embedding_recorder - WARNING - Error extracting embedding: 'FaceRecognizer' object has no attribute 'align_face'
2025-07-06 16:06:53,401 - src.face_recognition.core.embedding_recorder - WARNING - Error extracting embedding: 'FaceRecognizer' object has no attribute 'align_face'
2025-07-06 16:06:53,454 - src.face_recognition.core.embedding_recorder - WARNING - Error extracting embedding: 'FaceRecognizer' object has no attribute 'align_face'
2025-07-06 16:06:53,509 - src.face_recognition.core.embedding_recorder - WARNING - Error extracting embedding: 'FaceRecognizer' object has no attribute 'align_face'
2025-07-06 16:06:53,563 - src.face_recognition.core.embedding_recorder - WARNING - Error extracting embedding: 'FaceRecognizer' object has no attribute 'align_face'
2025-07-06 16:06:53,623 - src.face_recognition.core.embedding_recorder - WARNING - Error extracting embedding: 'FaceRecognizer' object has no attribute 'align_face'
2025-07-06 16:06:53,681 - src.face_recognition.core.embedding_recorder - WARNING - Error extracting embedding: 'FaceRecognizer' object has no attribute 'align_face'
2025-07-06 16:06:53,741 - src.face_recognition.core.embedding_recorder - WARNING - Error extracting embedding: 'FaceRecognizer' object has no attribute 'align_face'
2025-07-06 16:06:53,799 - src.face_recognition.core.embedding_recorder - WARNING - Error extracting embedding: 'FaceRecognizer' object has no attribute 'align_face'
2025-07-06 16:06:53,857 - src.face_recognition.core.embedding_recorder - WARNING - Error extracting embedding: 'FaceRecognizer' object has no attribute 'align_face'
2025-07-06 16:06:53,914 - src.face_recognition.core.embedding_recorder - WARNING - Error extracting embedding: 'FaceRecognizer' object has no attribute 'align_face'
2025-07-06 16:06:53,972 - src.face_recognition.core.embedding_recorder - WARNING - Error extracting embedding: 'FaceRecognizer' object has no attribute 'align_face'
2025-07-06 16:06:54,031 - src.face_recognition.core.embedding_recorder - WARNING - Error extracting embedding: 'FaceRecognizer' object has no attribute 'align_face'
2025-07-06 16:06:54,109 - src.face_recognition.core.embedding_recorder - WARNING - Error extracting embedding: 'FaceRecognizer' object has no attribute 'align_face'
2025-07-06 16:06:54,170 - src.face_recognition.core.embedding_recorder - WARNING - Error extracting embedding: 'FaceRecognizer' object has no attribute 'align_face'
2025-07-06 16:06:54,231 - src.face_recognition.core.embedding_recorder - WARNING - Error extracting embedding: 'FaceRecognizer' object has no attribute 'align_face'
2025-07-06 16:06:54,285 - src.face_recognition.core.embedding_recorder - WARNING - Error extracting embedding: 'FaceRecognizer' object has no attribute 'align_face'
2025-07-06 16:06:54,340 - src.face_recognition.core.embedding_recorder - WARNING - Error extracting embedding: 'FaceRecognizer' object has no attribute 'align_face'
2025-07-06 16:06:54,393 - src.face_recognition.core.embedding_recorder - WARNING - Error extracting embedding: 'FaceRecognizer' object has no attribute 'align_face'
2025-07-06 16:06:54,446 - src.face_recognition.core.embedding_recorder - WARNING - Error extracting embedding: 'FaceRecognizer' object has no attribute 'align_face'
2025-07-06 16:06:54,501 - src.face_recognition.core.embedding_recorder - WARNING - Error extracting embedding: 'FaceRecognizer' object has no attribute 'align_face'
2025-07-06 16:06:54,555 - src.face_recognition.core.embedding_recorder - WARNING - Error extracting embedding: 'FaceRecognizer' object has no attribute 'align_face'
2025-07-06 16:06:54,608 - src.face_recognition.core.embedding_recorder - WARNING - Error extracting embedding: 'FaceRecognizer' object has no attribute 'align_face'
2025-07-06 16:06:54,660 - src.face_recognition.core.embedding_recorder - WARNING - Error extracting embedding: 'FaceRecognizer' object has no attribute 'align_face'
2025-07-06 16:06:54,715 - src.face_recognition.core.embedding_recorder - WARNING - Error extracting embedding: 'FaceRecognizer' object has no attribute 'align_face'
2025-07-06 16:06:54,772 - src.face_recognition.core.embedding_recorder - WARNING - Error extracting embedding: 'FaceRecognizer' object has no attribute 'align_face'
2025-07-06 16:06:54,826 - src.face_recognition.core.embedding_recorder - WARNING - Error extracting embedding: 'FaceRecognizer' object has no attribute 'align_face'
2025-07-06 16:06:54,882 - src.face_recognition.core.embedding_recorder - WARNING - Error extracting embedding: 'FaceRecognizer' object has no attribute 'align_face'
2025-07-06 16:06:54,939 - src.face_recognition.core.embedding_recorder - WARNING - Error extracting embedding: 'FaceRecognizer' object has no attribute 'align_face'
2025-07-06 16:06:54,993 - src.face_recognition.core.embedding_recorder - WARNING - Error extracting embedding: 'FaceRecognizer' object has no attribute 'align_face'
2025-07-06 16:06:55,047 - src.face_recognition.core.embedding_recorder - WARNING - Error extracting embedding: 'FaceRecognizer' object has no attribute 'align_face'
2025-07-06 16:06:55,101 - src.face_recognition.core.embedding_recorder - WARNING - Error extracting embedding: 'FaceRecognizer' object has no attribute 'align_face'
2025-07-06 16:06:55,153 - src.face_recognition.core.embedding_recorder - WARNING - Error extracting embedding: 'FaceRecognizer' object has no attribute 'align_face'
2025-07-06 16:06:55,213 - src.face_recognition.core.embedding_recorder - WARNING - Error extracting embedding: 'FaceRecognizer' object has no attribute 'align_face'
2025-07-06 16:06:55,268 - src.face_recognition.core.embedding_recorder - WARNING - Error extracting embedding: 'FaceRecognizer' object has no attribute 'align_face'
2025-07-06 16:06:55,325 - src.face_recognition.core.embedding_recorder - WARNING - Error extracting embedding: 'FaceRecognizer' object has no attribute 'align_face'
2025-07-06 16:06:55,379 - src.face_recognition.core.embedding_recorder - WARNING - Error extracting embedding: 'FaceRecognizer' object has no attribute 'align_face'
2025-07-06 16:06:55,434 - src.face_recognition.core.embedding_recorder - WARNING - Error extracting embedding: 'FaceRecognizer' object has no attribute 'align_face'
2025-07-06 16:06:55,487 - src.face_recognition.core.embedding_recorder - WARNING - Error extracting embedding: 'FaceRecognizer' object has no attribute 'align_face'
2025-07-06 16:06:55,542 - src.face_recognition.core.embedding_recorder - WARNING - Error extracting embedding: 'FaceRecognizer' object has no attribute 'align_face'
2025-07-06 16:06:55,594 - src.face_recognition.core.embedding_recorder - WARNING - Error extracting embedding: 'FaceRecognizer' object has no attribute 'align_face'
2025-07-06 16:06:55,648 - src.face_recognition.core.embedding_recorder - WARNING - Error extracting embedding: 'FaceRecognizer' object has no attribute 'align_face'
2025-07-06 16:06:55,702 - src.face_recognition.core.embedding_recorder - WARNING - Error extracting embedding: 'FaceRecognizer' object has no attribute 'align_face'
2025-07-06 16:06:55,757 - src.face_recognition.core.embedding_recorder - WARNING - Error extracting embedding: 'FaceRecognizer' object has no attribute 'align_face'
2025-07-06 16:06:55,812 - src.face_recognition.core.embedding_recorder - WARNING - Error extracting embedding: 'FaceRecognizer' object has no attribute 'align_face'
2025-07-06 16:06:55,865 - src.face_recognition.core.embedding_recorder - WARNING - Error extracting embedding: 'FaceRecognizer' object has no attribute 'align_face'
2025-07-06 16:06:55,916 - src.face_recognition.core.embedding_recorder - WARNING - Error extracting embedding: 'FaceRecognizer' object has no attribute 'align_face'
2025-07-06 16:06:55,972 - src.face_recognition.core.embedding_recorder - WARNING - Error extracting embedding: 'FaceRecognizer' object has no attribute 'align_face'
2025-07-06 16:06:56,026 - src.face_recognition.core.embedding_recorder - WARNING - Error extracting embedding: 'FaceRecognizer' object has no attribute 'align_face'
2025-07-06 16:06:56,082 - src.face_recognition.core.embedding_recorder - WARNING - Error extracting embedding: 'FaceRecognizer' object has no attribute 'align_face'
2025-07-06 16:06:56,135 - src.face_recognition.core.embedding_recorder - WARNING - Error extracting embedding: 'FaceRecognizer' object has no attribute 'align_face'
2025-07-06 16:06:56,189 - src.face_recognition.core.embedding_recorder - WARNING - Error extracting embedding: 'FaceRecognizer' object has no attribute 'align_face'
2025-07-06 16:06:56,243 - src.face_recognition.core.embedding_recorder - WARNING - Error extracting embedding: 'FaceRecognizer' object has no attribute 'align_face'
2025-07-06 16:06:56,296 - src.face_recognition.core.embedding_recorder - WARNING - Error extracting embedding: 'FaceRecognizer' object has no attribute 'align_face'
2025-07-06 16:06:56,351 - src.face_recognition.core.embedding_recorder - WARNING - Error extracting embedding: 'FaceRecognizer' object has no attribute 'align_face'
2025-07-06 16:06:56,406 - src.face_recognition.core.embedding_recorder - WARNING - Error extracting embedding: 'FaceRecognizer' object has no attribute 'align_face'
2025-07-06 16:06:56,460 - src.face_recognition.core.embedding_recorder - WARNING - Error extracting embedding: 'FaceRecognizer' object has no attribute 'align_face'
2025-07-06 16:06:56,512 - src.face_recognition.core.embedding_recorder - WARNING - Error extracting embedding: 'FaceRecognizer' object has no attribute 'align_face'
2025-07-06 16:06:56,566 - src.face_recognition.core.embedding_recorder - WARNING - Error extracting embedding: 'FaceRecognizer' object has no attribute 'align_face'
2025-07-06 16:06:56,622 - src.face_recognition.core.embedding_recorder - WARNING - Error extracting embedding: 'FaceRecognizer' object has no attribute 'align_face'
2025-07-06 16:06:56,679 - src.face_recognition.core.embedding_recorder - WARNING - Error extracting embedding: 'FaceRecognizer' object has no attribute 'align_face'
2025-07-06 16:06:56,733 - src.face_recognition.core.embedding_recorder - WARNING - Error extracting embedding: 'FaceRecognizer' object has no attribute 'align_face'
2025-07-06 16:06:56,787 - src.face_recognition.core.embedding_recorder - WARNING - Error extracting embedding: 'FaceRecognizer' object has no attribute 'align_face'
2025-07-06 16:06:56,841 - src.face_recognition.core.embedding_recorder - WARNING - Error extracting embedding: 'FaceRecognizer' object has no attribute 'align_face'
2025-07-06 16:06:56,893 - src.face_recognition.core.embedding_recorder - WARNING - Error extracting embedding: 'FaceRecognizer' object has no attribute 'align_face'
2025-07-06 16:06:56,946 - src.face_recognition.core.embedding_recorder - WARNING - Error extracting embedding: 'FaceRecognizer' object has no attribute 'align_face'
2025-07-06 16:06:57,002 - src.face_recognition.core.embedding_recorder - WARNING - Error extracting embedding: 'FaceRecognizer' object has no attribute 'align_face'
2025-07-06 16:06:57,057 - src.face_recognition.core.embedding_recorder - WARNING - Error extracting embedding: 'FaceRecognizer' object has no attribute 'align_face'
2025-07-06 16:06:57,109 - src.face_recognition.core.embedding_recorder - WARNING - Error extracting embedding: 'FaceRecognizer' object has no attribute 'align_face'
2025-07-06 16:06:57,161 - src.face_recognition.core.embedding_recorder - WARNING - Error extracting embedding: 'FaceRecognizer' object has no attribute 'align_face'
2025-07-06 16:06:57,215 - src.face_recognition.core.embedding_recorder - WARNING - Error extracting embedding: 'FaceRecognizer' object has no attribute 'align_face'
2025-07-06 16:06:57,270 - src.face_recognition.core.embedding_recorder - WARNING - Error extracting embedding: 'FaceRecognizer' object has no attribute 'align_face'
2025-07-06 16:06:57,323 - src.face_recognition.core.embedding_recorder - WARNING - Error extracting embedding: 'FaceRecognizer' object has no attribute 'align_face'
2025-07-06 16:06:57,378 - src.face_recognition.core.embedding_recorder - WARNING - Error extracting embedding: 'FaceRecognizer' object has no attribute 'align_face'
2025-07-06 16:06:57,430 - src.face_recognition.core.embedding_recorder - WARNING - Error extracting embedding: 'FaceRecognizer' object has no attribute 'align_face'
2025-07-06 16:06:57,484 - src.face_recognition.core.embedding_recorder - WARNING - Error extracting embedding: 'FaceRecognizer' object has no attribute 'align_face'
2025-07-06 16:06:57,537 - src.face_recognition.core.embedding_recorder - WARNING - Error extracting embedding: 'FaceRecognizer' object has no attribute 'align_face'
2025-07-06 16:06:57,591 - src.face_recognition.core.embedding_recorder - WARNING - Error extracting embedding: 'FaceRecognizer' object has no attribute 'align_face'
2025-07-06 16:06:57,643 - src.face_recognition.core.embedding_recorder - WARNING - Error extracting embedding: 'FaceRecognizer' object has no attribute 'align_face'
2025-07-06 16:06:57,698 - src.face_recognition.core.embedding_recorder - WARNING - Error extracting embedding: 'FaceRecognizer' object has no attribute 'align_face'
2025-07-06 16:06:57,751 - src.face_recognition.core.embedding_recorder - WARNING - Error extracting embedding: 'FaceRecognizer' object has no attribute 'align_face'
2025-07-06 16:06:57,804 - src.face_recognition.core.embedding_recorder - WARNING - Error extracting embedding: 'FaceRecognizer' object has no attribute 'align_face'
2025-07-06 16:06:57,856 - src.face_recognition.core.embedding_recorder - WARNING - Error extracting embedding: 'FaceRecognizer' object has no attribute 'align_face'
2025-07-06 16:06:57,909 - src.face_recognition.core.embedding_recorder - WARNING - Error extracting embedding: 'FaceRecognizer' object has no attribute 'align_face'
2025-07-06 16:06:57,961 - src.face_recognition.core.embedding_recorder - WARNING - Error extracting embedding: 'FaceRecognizer' object has no attribute 'align_face'
2025-07-06 16:06:58,013 - src.face_recognition.core.embedding_recorder - WARNING - Error extracting embedding: 'FaceRecognizer' object has no attribute 'align_face'
2025-07-06 16:06:58,067 - src.face_recognition.core.embedding_recorder - WARNING - Error extracting embedding: 'FaceRecognizer' object has no attribute 'align_face'
2025-07-06 16:06:58,121 - src.face_recognition.core.embedding_recorder - WARNING - Error extracting embedding: 'FaceRecognizer' object has no attribute 'align_face'
2025-07-06 16:06:58,176 - src.face_recognition.core.embedding_recorder - WARNING - Error extracting embedding: 'FaceRecognizer' object has no attribute 'align_face'
2025-07-06 16:06:58,228 - src.face_recognition.core.embedding_recorder - WARNING - Error extracting embedding: 'FaceRecognizer' object has no attribute 'align_face'
2025-07-06 16:06:58,283 - src.face_recognition.core.embedding_recorder - WARNING - Error extracting embedding: 'FaceRecognizer' object has no attribute 'align_face'
2025-07-06 16:06:58,336 - src.face_recognition.core.embedding_recorder - WARNING - Error extracting embedding: 'FaceRecognizer' object has no attribute 'align_face'
2025-07-06 16:06:58,395 - src.face_recognition.core.embedding_recorder - WARNING - Error extracting embedding: 'FaceRecognizer' object has no attribute 'align_face'
2025-07-06 16:06:58,448 - src.face_recognition.core.embedding_recorder - WARNING - Error extracting embedding: 'FaceRecognizer' object has no attribute 'align_face'
2025-07-06 16:06:58,501 - src.face_recognition.core.embedding_recorder - WARNING - Error extracting embedding: 'FaceRecognizer' object has no attribute 'align_face'
2025-07-06 16:06:58,554 - src.face_recognition.core.embedding_recorder - WARNING - Error extracting embedding: 'FaceRecognizer' object has no attribute 'align_face'
2025-07-06 16:06:58,607 - src.face_recognition.core.embedding_recorder - WARNING - Error extracting embedding: 'FaceRecognizer' object has no attribute 'align_face'
2025-07-06 16:06:58,662 - src.face_recognition.core.embedding_recorder - WARNING - Error extracting embedding: 'FaceRecognizer' object has no attribute 'align_face'
2025-07-06 16:06:58,714 - src.face_recognition.core.embedding_recorder - WARNING - Error extracting embedding: 'FaceRecognizer' object has no attribute 'align_face'
2025-07-06 16:06:58,769 - src.face_recognition.core.embedding_recorder - WARNING - Error extracting embedding: 'FaceRecognizer' object has no attribute 'align_face'
2025-07-06 16:06:58,823 - src.face_recognition.core.embedding_recorder - WARNING - Error extracting embedding: 'FaceRecognizer' object has no attribute 'align_face'
2025-07-06 16:06:58,877 - src.face_recognition.core.embedding_recorder - WARNING - Error extracting embedding: 'FaceRecognizer' object has no attribute 'align_face'
2025-07-06 16:06:58,928 - src.face_recognition.core.embedding_recorder - WARNING - Error extracting embedding: 'FaceRecognizer' object has no attribute 'align_face'
2025-07-06 16:06:58,983 - src.face_recognition.core.embedding_recorder - WARNING - Error extracting embedding: 'FaceRecognizer' object has no attribute 'align_face'
2025-07-06 16:06:59,038 - src.face_recognition.core.embedding_recorder - WARNING - Error extracting embedding: 'FaceRecognizer' object has no attribute 'align_face'
2025-07-06 16:06:59,092 - src.face_recognition.core.embedding_recorder - WARNING - Error extracting embedding: 'FaceRecognizer' object has no attribute 'align_face'
2025-07-06 16:06:59,149 - src.face_recognition.core.embedding_recorder - WARNING - Error extracting embedding: 'FaceRecognizer' object has no attribute 'align_face'
2025-07-06 16:06:59,205 - src.face_recognition.core.embedding_recorder - WARNING - Error extracting embedding: 'FaceRecognizer' object has no attribute 'align_face'
2025-07-06 16:06:59,260 - src.face_recognition.core.embedding_recorder - WARNING - Error extracting embedding: 'FaceRecognizer' object has no attribute 'align_face'
2025-07-06 16:06:59,316 - src.face_recognition.core.embedding_recorder - WARNING - Error extracting embedding: 'FaceRecognizer' object has no attribute 'align_face'
2025-07-06 16:06:59,371 - src.face_recognition.core.embedding_recorder - WARNING - Error extracting embedding: 'FaceRecognizer' object has no attribute 'align_face'
2025-07-06 16:06:59,428 - src.face_recognition.core.embedding_recorder - WARNING - Error extracting embedding: 'FaceRecognizer' object has no attribute 'align_face'
2025-07-06 16:06:59,482 - src.face_recognition.core.embedding_recorder - WARNING - Error extracting embedding: 'FaceRecognizer' object has no attribute 'align_face'
2025-07-06 16:06:59,537 - src.face_recognition.core.embedding_recorder - WARNING - Error extracting embedding: 'FaceRecognizer' object has no attribute 'align_face'
2025-07-06 16:06:59,591 - src.face_recognition.core.embedding_recorder - WARNING - Error extracting embedding: 'FaceRecognizer' object has no attribute 'align_face'
2025-07-06 16:06:59,646 - src.face_recognition.core.embedding_recorder - WARNING - Error extracting embedding: 'FaceRecognizer' object has no attribute 'align_face'
2025-07-06 16:06:59,699 - src.face_recognition.core.embedding_recorder - WARNING - Error extracting embedding: 'FaceRecognizer' object has no attribute 'align_face'
2025-07-06 16:06:59,751 - src.face_recognition.core.embedding_recorder - WARNING - Error extracting embedding: 'FaceRecognizer' object has no attribute 'align_face'
2025-07-06 16:06:59,807 - src.face_recognition.core.embedding_recorder - WARNING - Error extracting embedding: 'FaceRecognizer' object has no attribute 'align_face'
2025-07-06 16:06:59,863 - src.face_recognition.core.embedding_recorder - WARNING - Error extracting embedding: 'FaceRecognizer' object has no attribute 'align_face'
2025-07-06 16:06:59,916 - src.face_recognition.core.embedding_recorder - WARNING - Error extracting embedding: 'FaceRecognizer' object has no attribute 'align_face'
2025-07-06 16:06:59,970 - src.face_recognition.core.embedding_recorder - WARNING - Error extracting embedding: 'FaceRecognizer' object has no attribute 'align_face'
2025-07-06 16:07:00,025 - src.face_recognition.core.embedding_recorder - WARNING - Error extracting embedding: 'FaceRecognizer' object has no attribute 'align_face'
2025-07-06 16:07:00,079 - src.face_recognition.core.embedding_recorder - WARNING - Error extracting embedding: 'FaceRecognizer' object has no attribute 'align_face'
2025-07-06 16:07:00,132 - src.face_recognition.core.embedding_recorder - WARNING - Error extracting embedding: 'FaceRecognizer' object has no attribute 'align_face'
2025-07-06 16:07:00,188 - src.face_recognition.core.embedding_recorder - WARNING - Error extracting embedding: 'FaceRecognizer' object has no attribute 'align_face'
2025-07-06 16:07:00,245 - src.face_recognition.core.embedding_recorder - WARNING - Error extracting embedding: 'FaceRecognizer' object has no attribute 'align_face'
2025-07-06 16:07:00,303 - src.face_recognition.core.embedding_recorder - WARNING - Error extracting embedding: 'FaceRecognizer' object has no attribute 'align_face'
2025-07-06 16:07:00,356 - src.face_recognition.core.embedding_recorder - WARNING - Error extracting embedding: 'FaceRecognizer' object has no attribute 'align_face'
2025-07-06 16:07:00,411 - src.face_recognition.core.embedding_recorder - WARNING - Error extracting embedding: 'FaceRecognizer' object has no attribute 'align_face'
2025-07-06 16:07:00,464 - src.face_recognition.core.embedding_recorder - WARNING - Error extracting embedding: 'FaceRecognizer' object has no attribute 'align_face'
2025-07-06 16:07:00,516 - src.face_recognition.core.embedding_recorder - WARNING - Error extracting embedding: 'FaceRecognizer' object has no attribute 'align_face'
2025-07-06 16:07:00,572 - src.face_recognition.core.embedding_recorder - WARNING - Error extracting embedding: 'FaceRecognizer' object has no attribute 'align_face'
2025-07-06 16:07:00,626 - src.face_recognition.core.embedding_recorder - WARNING - Error extracting embedding: 'FaceRecognizer' object has no attribute 'align_face'
2025-07-06 16:07:00,680 - src.face_recognition.core.embedding_recorder - WARNING - Error extracting embedding: 'FaceRecognizer' object has no attribute 'align_face'
2025-07-06 16:07:00,734 - src.face_recognition.core.embedding_recorder - WARNING - Error extracting embedding: 'FaceRecognizer' object has no attribute 'align_face'
2025-07-06 16:07:00,796 - src.face_recognition.core.embedding_recorder - WARNING - Error extracting embedding: 'FaceRecognizer' object has no attribute 'align_face'
2025-07-06 16:07:00,848 - src.face_recognition.core.embedding_recorder - WARNING - Error extracting embedding: 'FaceRecognizer' object has no attribute 'align_face'
2025-07-06 16:07:00,903 - src.face_recognition.core.embedding_recorder - WARNING - Error extracting embedding: 'FaceRecognizer' object has no attribute 'align_face'
2025-07-06 16:07:00,958 - src.face_recognition.core.embedding_recorder - WARNING - Error extracting embedding: 'FaceRecognizer' object has no attribute 'align_face'
2025-07-06 16:07:01,011 - src.face_recognition.core.embedding_recorder - WARNING - Error extracting embedding: 'FaceRecognizer' object has no attribute 'align_face'
2025-07-06 16:07:01,067 - src.face_recognition.core.embedding_recorder - WARNING - Error extracting embedding: 'FaceRecognizer' object has no attribute 'align_face'
2025-07-06 16:07:01,120 - src.face_recognition.core.embedding_recorder - WARNING - Error extracting embedding: 'FaceRecognizer' object has no attribute 'align_face'
2025-07-06 16:07:01,173 - src.face_recognition.core.embedding_recorder - WARNING - Error extracting embedding: 'FaceRecognizer' object has no attribute 'align_face'
2025-07-06 16:07:01,225 - src.face_recognition.core.embedding_recorder - WARNING - Error extracting embedding: 'FaceRecognizer' object has no attribute 'align_face'
2025-07-06 16:07:01,280 - src.face_recognition.core.embedding_recorder - WARNING - Error extracting embedding: 'FaceRecognizer' object has no attribute 'align_face'
2025-07-06 16:07:01,334 - src.face_recognition.core.embedding_recorder - WARNING - Error extracting embedding: 'FaceRecognizer' object has no attribute 'align_face'
2025-07-06 16:07:01,388 - src.face_recognition.core.embedding_recorder - WARNING - Error extracting embedding: 'FaceRecognizer' object has no attribute 'align_face'
2025-07-06 16:07:01,442 - src.face_recognition.core.embedding_recorder - WARNING - Error extracting embedding: 'FaceRecognizer' object has no attribute 'align_face'
2025-07-06 16:07:01,499 - src.face_recognition.core.embedding_recorder - WARNING - Error extracting embedding: 'FaceRecognizer' object has no attribute 'align_face'
2025-07-06 16:07:01,551 - src.face_recognition.core.embedding_recorder - WARNING - Error extracting embedding: 'FaceRecognizer' object has no attribute 'align_face'
2025-07-06 16:07:01,605 - src.face_recognition.core.embedding_recorder - WARNING - Error extracting embedding: 'FaceRecognizer' object has no attribute 'align_face'
2025-07-06 16:07:01,658 - src.face_recognition.core.embedding_recorder - WARNING - Error extracting embedding: 'FaceRecognizer' object has no attribute 'align_face'
2025-07-06 16:07:01,713 - src.face_recognition.core.embedding_recorder - WARNING - Error extracting embedding: 'FaceRecognizer' object has no attribute 'align_face'
2025-07-06 16:07:01,769 - src.face_recognition.core.embedding_recorder - WARNING - Error extracting embedding: 'FaceRecognizer' object has no attribute 'align_face'
2025-07-06 16:07:01,824 - src.face_recognition.core.embedding_recorder - WARNING - Error extracting embedding: 'FaceRecognizer' object has no attribute 'align_face'
2025-07-06 16:07:01,881 - src.face_recognition.core.embedding_recorder - WARNING - Error extracting embedding: 'FaceRecognizer' object has no attribute 'align_face'
2025-07-06 16:07:01,932 - src.face_recognition.core.embedding_recorder - WARNING - Error extracting embedding: 'FaceRecognizer' object has no attribute 'align_face'
2025-07-06 16:07:01,988 - src.face_recognition.core.embedding_recorder - WARNING - Error extracting embedding: 'FaceRecognizer' object has no attribute 'align_face'
2025-07-06 16:07:02,041 - src.face_recognition.core.embedding_recorder - WARNING - Error extracting embedding: 'FaceRecognizer' object has no attribute 'align_face'
2025-07-06 16:07:02,097 - src.face_recognition.core.embedding_recorder - WARNING - Error extracting embedding: 'FaceRecognizer' object has no attribute 'align_face'
2025-07-06 16:07:02,152 - src.face_recognition.core.embedding_recorder - WARNING - Error extracting embedding: 'FaceRecognizer' object has no attribute 'align_face'
2025-07-06 16:07:02,208 - src.face_recognition.core.embedding_recorder - WARNING - Error extracting embedding: 'FaceRecognizer' object has no attribute 'align_face'
2025-07-06 16:07:02,263 - src.face_recognition.core.embedding_recorder - WARNING - Error extracting embedding: 'FaceRecognizer' object has no attribute 'align_face'
2025-07-06 16:07:02,317 - src.face_recognition.core.embedding_recorder - WARNING - Error extracting embedding: 'FaceRecognizer' object has no attribute 'align_face'
2025-07-06 16:07:02,371 - src.face_recognition.core.embedding_recorder - WARNING - Error extracting embedding: 'FaceRecognizer' object has no attribute 'align_face'
2025-07-06 16:07:02,427 - src.face_recognition.core.embedding_recorder - WARNING - Error extracting embedding: 'FaceRecognizer' object has no attribute 'align_face'
2025-07-06 16:07:02,479 - src.face_recognition.core.embedding_recorder - WARNING - Error extracting embedding: 'FaceRecognizer' object has no attribute 'align_face'
2025-07-06 16:07:02,533 - src.face_recognition.core.embedding_recorder - WARNING - Error extracting embedding: 'FaceRecognizer' object has no attribute 'align_face'
2025-07-06 16:07:02,585 - src.face_recognition.core.embedding_recorder - WARNING - Error extracting embedding: 'FaceRecognizer' object has no attribute 'align_face'
2025-07-06 16:07:02,638 - src.face_recognition.core.embedding_recorder - WARNING - Error extracting embedding: 'FaceRecognizer' object has no attribute 'align_face'
2025-07-06 16:07:02,693 - src.face_recognition.core.embedding_recorder - WARNING - Error extracting embedding: 'FaceRecognizer' object has no attribute 'align_face'
2025-07-06 16:07:02,747 - src.face_recognition.core.embedding_recorder - WARNING - Error extracting embedding: 'FaceRecognizer' object has no attribute 'align_face'
2025-07-06 16:07:02,801 - src.face_recognition.core.embedding_recorder - WARNING - Error extracting embedding: 'FaceRecognizer' object has no attribute 'align_face'
2025-07-06 16:07:02,857 - src.face_recognition.core.embedding_recorder - WARNING - Error extracting embedding: 'FaceRecognizer' object has no attribute 'align_face'
2025-07-06 16:07:02,911 - src.face_recognition.core.embedding_recorder - WARNING - Error extracting embedding: 'FaceRecognizer' object has no attribute 'align_face'
2025-07-06 16:07:02,964 - src.face_recognition.core.embedding_recorder - WARNING - Error extracting embedding: 'FaceRecognizer' object has no attribute 'align_face'
2025-07-06 16:07:03,018 - src.face_recognition.core.embedding_recorder - WARNING - Error extracting embedding: 'FaceRecognizer' object has no attribute 'align_face'
2025-07-06 16:07:03,072 - src.face_recognition.core.embedding_recorder - WARNING - Error extracting embedding: 'FaceRecognizer' object has no attribute 'align_face'
2025-07-06 16:07:03,126 - src.face_recognition.core.embedding_recorder - WARNING - Error extracting embedding: 'FaceRecognizer' object has no attribute 'align_face'
2025-07-06 16:07:03,185 - src.face_recognition.core.embedding_recorder - WARNING - Error extracting embedding: 'FaceRecognizer' object has no attribute 'align_face'
2025-07-06 16:07:03,237 - src.face_recognition.core.embedding_recorder - WARNING - Error extracting embedding: 'FaceRecognizer' object has no attribute 'align_face'
2025-07-06 16:07:03,292 - src.face_recognition.core.embedding_recorder - WARNING - Error extracting embedding: 'FaceRecognizer' object has no attribute 'align_face'
2025-07-06 16:07:03,344 - src.face_recognition.core.embedding_recorder - WARNING - Error extracting embedding: 'FaceRecognizer' object has no attribute 'align_face'
2025-07-06 16:07:03,399 - src.face_recognition.core.embedding_recorder - WARNING - Error extracting embedding: 'FaceRecognizer' object has no attribute 'align_face'
2025-07-06 16:07:03,453 - src.face_recognition.core.embedding_recorder - WARNING - Error extracting embedding: 'FaceRecognizer' object has no attribute 'align_face'
2025-07-06 16:07:03,508 - src.face_recognition.core.embedding_recorder - WARNING - Error extracting embedding: 'FaceRecognizer' object has no attribute 'align_face'
2025-07-06 16:07:03,561 - src.face_recognition.core.embedding_recorder - WARNING - Error extracting embedding: 'FaceRecognizer' object has no attribute 'align_face'
2025-07-06 16:07:03,615 - src.face_recognition.core.embedding_recorder - WARNING - Error extracting embedding: 'FaceRecognizer' object has no attribute 'align_face'
2025-07-06 16:07:03,668 - src.face_recognition.core.embedding_recorder - WARNING - Error extracting embedding: 'FaceRecognizer' object has no attribute 'align_face'
2025-07-06 16:07:03,724 - src.face_recognition.core.embedding_recorder - WARNING - Error extracting embedding: 'FaceRecognizer' object has no attribute 'align_face'
2025-07-06 16:07:03,779 - src.face_recognition.core.embedding_recorder - WARNING - Error extracting embedding: 'FaceRecognizer' object has no attribute 'align_face'
2025-07-06 16:07:03,833 - src.face_recognition.core.embedding_recorder - WARNING - Error extracting embedding: 'FaceRecognizer' object has no attribute 'align_face'
2025-07-06 16:07:03,887 - src.face_recognition.core.embedding_recorder - WARNING - Error extracting embedding: 'FaceRecognizer' object has no attribute 'align_face'
2025-07-06 16:07:03,943 - src.face_recognition.core.embedding_recorder - WARNING - Error extracting embedding: 'FaceRecognizer' object has no attribute 'align_face'
2025-07-06 16:07:03,995 - src.face_recognition.core.embedding_recorder - WARNING - Error extracting embedding: 'FaceRecognizer' object has no attribute 'align_face'
2025-07-06 16:07:04,047 - src.face_recognition.core.embedding_recorder - WARNING - Error extracting embedding: 'FaceRecognizer' object has no attribute 'align_face'
2025-07-06 16:07:04,102 - src.face_recognition.core.embedding_recorder - WARNING - Error extracting embedding: 'FaceRecognizer' object has no attribute 'align_face'
2025-07-06 16:07:04,157 - src.face_recognition.core.embedding_recorder - WARNING - Error extracting embedding: 'FaceRecognizer' object has no attribute 'align_face'
2025-07-06 16:07:04,213 - src.face_recognition.core.embedding_recorder - WARNING - Error extracting embedding: 'FaceRecognizer' object has no attribute 'align_face'
2025-07-06 16:07:04,266 - src.face_recognition.core.embedding_recorder - WARNING - Error extracting embedding: 'FaceRecognizer' object has no attribute 'align_face'
2025-07-06 16:07:04,320 - src.face_recognition.core.embedding_recorder - WARNING - Error extracting embedding: 'FaceRecognizer' object has no attribute 'align_face'
2025-07-06 16:07:04,375 - src.face_recognition.core.embedding_recorder - WARNING - Error extracting embedding: 'FaceRecognizer' object has no attribute 'align_face'
2025-07-06 16:07:04,428 - src.face_recognition.core.embedding_recorder - WARNING - Error extracting embedding: 'FaceRecognizer' object has no attribute 'align_face'
2025-07-06 16:07:04,482 - src.face_recognition.core.embedding_recorder - WARNING - Error extracting embedding: 'FaceRecognizer' object has no attribute 'align_face'
2025-07-06 16:07:04,537 - src.face_recognition.core.embedding_recorder - WARNING - Error extracting embedding: 'FaceRecognizer' object has no attribute 'align_face'
2025-07-06 16:07:04,590 - src.face_recognition.core.embedding_recorder - WARNING - Error extracting embedding: 'FaceRecognizer' object has no attribute 'align_face'
2025-07-06 16:07:04,644 - src.face_recognition.core.embedding_recorder - WARNING - Error extracting embedding: 'FaceRecognizer' object has no attribute 'align_face'
2025-07-06 16:07:04,698 - src.face_recognition.core.embedding_recorder - WARNING - Error extracting embedding: 'FaceRecognizer' object has no attribute 'align_face'
2025-07-06 16:07:04,753 - src.face_recognition.core.embedding_recorder - WARNING - Error extracting embedding: 'FaceRecognizer' object has no attribute 'align_face'
2025-07-06 16:07:04,807 - src.face_recognition.core.embedding_recorder - WARNING - Error extracting embedding: 'FaceRecognizer' object has no attribute 'align_face'
2025-07-06 16:07:04,861 - src.face_recognition.core.embedding_recorder - WARNING - Error extracting embedding: 'FaceRecognizer' object has no attribute 'align_face'
2025-07-06 16:07:04,914 - src.face_recognition.core.embedding_recorder - WARNING - Error extracting embedding: 'FaceRecognizer' object has no attribute 'align_face'
2025-07-06 16:07:04,968 - src.face_recognition.core.embedding_recorder - WARNING - Error extracting embedding: 'FaceRecognizer' object has no attribute 'align_face'
2025-07-06 16:07:05,024 - src.face_recognition.core.embedding_recorder - WARNING - Error extracting embedding: 'FaceRecognizer' object has no attribute 'align_face'
2025-07-06 16:07:05,077 - src.face_recognition.core.embedding_recorder - WARNING - Error extracting embedding: 'FaceRecognizer' object has no attribute 'align_face'
2025-07-06 16:07:05,131 - src.face_recognition.core.embedding_recorder - WARNING - Error extracting embedding: 'FaceRecognizer' object has no attribute 'align_face'
2025-07-06 16:07:05,184 - src.face_recognition.core.embedding_recorder - WARNING - Error extracting embedding: 'FaceRecognizer' object has no attribute 'align_face'
2025-07-06 16:07:05,238 - src.face_recognition.core.embedding_recorder - WARNING - Error extracting embedding: 'FaceRecognizer' object has no attribute 'align_face'
2025-07-06 16:07:05,291 - src.face_recognition.core.embedding_recorder - WARNING - Error extracting embedding: 'FaceRecognizer' object has no attribute 'align_face'
2025-07-06 16:07:05,344 - src.face_recognition.core.embedding_recorder - WARNING - Error extracting embedding: 'FaceRecognizer' object has no attribute 'align_face'
2025-07-06 16:07:05,397 - src.face_recognition.core.embedding_recorder - WARNING - Error extracting embedding: 'FaceRecognizer' object has no attribute 'align_face'
2025-07-06 16:07:05,452 - src.face_recognition.core.embedding_recorder - WARNING - Error extracting embedding: 'FaceRecognizer' object has no attribute 'align_face'
2025-07-06 16:07:05,504 - src.face_recognition.core.embedding_recorder - WARNING - Error extracting embedding: 'FaceRecognizer' object has no attribute 'align_face'
2025-07-06 16:07:05,559 - src.face_recognition.core.embedding_recorder - WARNING - Error extracting embedding: 'FaceRecognizer' object has no attribute 'align_face'
2025-07-06 16:07:05,615 - src.face_recognition.core.embedding_recorder - WARNING - Error extracting embedding: 'FaceRecognizer' object has no attribute 'align_face'
2025-07-06 16:07:05,668 - src.face_recognition.core.embedding_recorder - WARNING - Error extracting embedding: 'FaceRecognizer' object has no attribute 'align_face'
2025-07-06 16:07:05,723 - src.face_recognition.core.embedding_recorder - WARNING - Error extracting embedding: 'FaceRecognizer' object has no attribute 'align_face'
2025-07-06 16:07:05,776 - src.face_recognition.core.embedding_recorder - WARNING - Error extracting embedding: 'FaceRecognizer' object has no attribute 'align_face'
2025-07-06 16:07:05,832 - src.face_recognition.core.embedding_recorder - WARNING - Error extracting embedding: 'FaceRecognizer' object has no attribute 'align_face'
2025-07-06 16:07:05,885 - src.face_recognition.core.embedding_recorder - WARNING - Error extracting embedding: 'FaceRecognizer' object has no attribute 'align_face'
2025-07-06 16:07:05,939 - src.face_recognition.core.embedding_recorder - WARNING - Error extracting embedding: 'FaceRecognizer' object has no attribute 'align_face'
2025-07-06 16:07:05,992 - src.face_recognition.core.embedding_recorder - WARNING - Error extracting embedding: 'FaceRecognizer' object has no attribute 'align_face'
2025-07-06 16:07:06,044 - src.face_recognition.core.embedding_recorder - WARNING - Error extracting embedding: 'FaceRecognizer' object has no attribute 'align_face'
2025-07-06 16:07:06,100 - src.face_recognition.core.embedding_recorder - WARNING - Error extracting embedding: 'FaceRecognizer' object has no attribute 'align_face'
2025-07-06 16:07:06,156 - src.face_recognition.core.embedding_recorder - WARNING - Error extracting embedding: 'FaceRecognizer' object has no attribute 'align_face'
2025-07-06 16:07:06,211 - src.face_recognition.core.embedding_recorder - WARNING - Error extracting embedding: 'FaceRecognizer' object has no attribute 'align_face'
2025-07-06 16:07:06,266 - src.face_recognition.core.embedding_recorder - WARNING - Error extracting embedding: 'FaceRecognizer' object has no attribute 'align_face'
2025-07-06 16:07:06,322 - src.face_recognition.core.embedding_recorder - WARNING - Error extracting embedding: 'FaceRecognizer' object has no attribute 'align_face'
2025-07-06 16:07:06,374 - src.face_recognition.core.embedding_recorder - WARNING - Error extracting embedding: 'FaceRecognizer' object has no attribute 'align_face'
2025-07-06 16:07:06,429 - src.face_recognition.core.embedding_recorder - WARNING - Error extracting embedding: 'FaceRecognizer' object has no attribute 'align_face'
2025-07-06 16:07:06,481 - src.face_recognition.core.embedding_recorder - WARNING - Error extracting embedding: 'FaceRecognizer' object has no attribute 'align_face'
2025-07-06 16:07:06,536 - src.face_recognition.core.embedding_recorder - WARNING - Error extracting embedding: 'FaceRecognizer' object has no attribute 'align_face'
2025-07-06 16:07:06,590 - src.face_recognition.core.embedding_recorder - WARNING - Error extracting embedding: 'FaceRecognizer' object has no attribute 'align_face'
2025-07-06 16:07:06,645 - src.face_recognition.core.embedding_recorder - WARNING - Error extracting embedding: 'FaceRecognizer' object has no attribute 'align_face'
2025-07-06 16:07:06,699 - src.face_recognition.core.embedding_recorder - WARNING - Error extracting embedding: 'FaceRecognizer' object has no attribute 'align_face'
2025-07-06 16:07:06,753 - src.face_recognition.core.embedding_recorder - WARNING - Error extracting embedding: 'FaceRecognizer' object has no attribute 'align_face'
2025-07-06 16:07:06,807 - src.face_recognition.core.embedding_recorder - WARNING - Error extracting embedding: 'FaceRecognizer' object has no attribute 'align_face'
2025-07-06 16:07:06,861 - src.face_recognition.core.embedding_recorder - WARNING - Error extracting embedding: 'FaceRecognizer' object has no attribute 'align_face'
2025-07-06 16:07:06,915 - src.face_recognition.core.embedding_recorder - WARNING - Error extracting embedding: 'FaceRecognizer' object has no attribute 'align_face'
2025-07-06 16:07:06,967 - src.face_recognition.core.embedding_recorder - WARNING - Error extracting embedding: 'FaceRecognizer' object has no attribute 'align_face'
2025-07-06 16:07:07,024 - src.face_recognition.core.embedding_recorder - WARNING - Error extracting embedding: 'FaceRecognizer' object has no attribute 'align_face'
2025-07-06 16:07:07,079 - src.face_recognition.core.embedding_recorder - WARNING - Error extracting embedding: 'FaceRecognizer' object has no attribute 'align_face'
2025-07-06 16:07:07,132 - src.face_recognition.core.embedding_recorder - WARNING - Error extracting embedding: 'FaceRecognizer' object has no attribute 'align_face'
2025-07-06 16:07:07,187 - src.face_recognition.core.embedding_recorder - WARNING - Error extracting embedding: 'FaceRecognizer' object has no attribute 'align_face'
2025-07-06 16:07:07,242 - src.face_recognition.core.embedding_recorder - WARNING - Error extracting embedding: 'FaceRecognizer' object has no attribute 'align_face'
2025-07-06 16:07:07,294 - src.face_recognition.core.embedding_recorder - WARNING - Error extracting embedding: 'FaceRecognizer' object has no attribute 'align_face'
2025-07-06 16:07:07,348 - src.face_recognition.core.embedding_recorder - WARNING - Error extracting embedding: 'FaceRecognizer' object has no attribute 'align_face'
2025-07-06 16:07:07,404 - src.face_recognition.core.embedding_recorder - WARNING - Error extracting embedding: 'FaceRecognizer' object has no attribute 'align_face'
2025-07-06 16:07:07,459 - src.face_recognition.core.embedding_recorder - WARNING - Error extracting embedding: 'FaceRecognizer' object has no attribute 'align_face'
2025-07-06 16:07:07,515 - src.face_recognition.core.embedding_recorder - WARNING - Error extracting embedding: 'FaceRecognizer' object has no attribute 'align_face'
2025-07-06 16:07:07,568 - src.face_recognition.core.embedding_recorder - WARNING - Error extracting embedding: 'FaceRecognizer' object has no attribute 'align_face'
2025-07-06 16:07:07,622 - src.face_recognition.core.embedding_recorder - WARNING - Error extracting embedding: 'FaceRecognizer' object has no attribute 'align_face'
2025-07-06 16:07:07,674 - src.face_recognition.core.embedding_recorder - WARNING - Error extracting embedding: 'FaceRecognizer' object has no attribute 'align_face'
2025-07-06 16:07:07,730 - src.face_recognition.core.embedding_recorder - WARNING - Error extracting embedding: 'FaceRecognizer' object has no attribute 'align_face'
2025-07-06 16:07:07,786 - src.face_recognition.core.embedding_recorder - WARNING - Error extracting embedding: 'FaceRecognizer' object has no attribute 'align_face'
2025-07-06 16:07:07,839 - src.face_recognition.core.embedding_recorder - WARNING - Error extracting embedding: 'FaceRecognizer' object has no attribute 'align_face'
2025-07-06 16:07:07,893 - src.face_recognition.core.embedding_recorder - WARNING - Error extracting embedding: 'FaceRecognizer' object has no attribute 'align_face'
2025-07-06 16:07:07,946 - src.face_recognition.core.embedding_recorder - WARNING - Error extracting embedding: 'FaceRecognizer' object has no attribute 'align_face'
2025-07-06 16:07:08,001 - src.face_recognition.core.embedding_recorder - WARNING - Error extracting embedding: 'FaceRecognizer' object has no attribute 'align_face'
2025-07-06 16:07:08,055 - src.face_recognition.core.embedding_recorder - WARNING - Error extracting embedding: 'FaceRecognizer' object has no attribute 'align_face'
2025-07-06 16:07:08,105 - src.face_recognition.core.embedding_recorder - WARNING - Error extracting embedding: 'FaceRecognizer' object has no attribute 'align_face'
2025-07-06 16:07:08,159 - src.face_recognition.core.embedding_recorder - WARNING - Error extracting embedding: 'FaceRecognizer' object has no attribute 'align_face'
2025-07-06 16:07:08,213 - src.face_recognition.core.embedding_recorder - WARNING - Error extracting embedding: 'FaceRecognizer' object has no attribute 'align_face'
2025-07-06 16:07:08,274 - src.face_recognition.core.embedding_recorder - WARNING - Error extracting embedding: 'FaceRecognizer' object has no attribute 'align_face'
2025-07-06 16:07:08,327 - src.face_recognition.core.embedding_recorder - WARNING - Error extracting embedding: 'FaceRecognizer' object has no attribute 'align_face'
2025-07-06 16:07:08,381 - src.face_recognition.core.embedding_recorder - WARNING - Error extracting embedding: 'FaceRecognizer' object has no attribute 'align_face'
2025-07-06 16:07:08,435 - src.face_recognition.core.embedding_recorder - WARNING - Error extracting embedding: 'FaceRecognizer' object has no attribute 'align_face'
2025-07-06 16:07:08,489 - src.face_recognition.core.embedding_recorder - WARNING - Error extracting embedding: 'FaceRecognizer' object has no attribute 'align_face'
2025-07-06 16:07:08,542 - src.face_recognition.core.embedding_recorder - WARNING - Error extracting embedding: 'FaceRecognizer' object has no attribute 'align_face'
2025-07-06 16:07:08,594 - src.face_recognition.core.embedding_recorder - WARNING - Error extracting embedding: 'FaceRecognizer' object has no attribute 'align_face'
2025-07-06 16:07:08,648 - src.face_recognition.core.embedding_recorder - WARNING - Error extracting embedding: 'FaceRecognizer' object has no attribute 'align_face'
2025-07-06 16:07:08,702 - src.face_recognition.core.embedding_recorder - WARNING - Error extracting embedding: 'FaceRecognizer' object has no attribute 'align_face'
2025-07-06 16:07:08,757 - src.face_recognition.core.embedding_recorder - WARNING - Error extracting embedding: 'FaceRecognizer' object has no attribute 'align_face'
2025-07-06 16:07:08,812 - src.face_recognition.core.embedding_recorder - WARNING - Error extracting embedding: 'FaceRecognizer' object has no attribute 'align_face'
2025-07-06 16:07:08,866 - src.face_recognition.core.embedding_recorder - WARNING - Error extracting embedding: 'FaceRecognizer' object has no attribute 'align_face'
2025-07-06 16:07:08,924 - src.face_recognition.core.embedding_recorder - WARNING - Error extracting embedding: 'FaceRecognizer' object has no attribute 'align_face'
2025-07-06 16:07:08,976 - src.face_recognition.core.embedding_recorder - WARNING - Error extracting embedding: 'FaceRecognizer' object has no attribute 'align_face'
2025-07-06 16:07:09,036 - src.face_recognition.core.embedding_recorder - WARNING - Error extracting embedding: 'FaceRecognizer' object has no attribute 'align_face'
2025-07-06 16:07:09,091 - src.face_recognition.core.embedding_recorder - WARNING - Error extracting embedding: 'FaceRecognizer' object has no attribute 'align_face'
2025-07-06 16:07:09,147 - src.face_recognition.core.embedding_recorder - WARNING - Error extracting embedding: 'FaceRecognizer' object has no attribute 'align_face'
2025-07-06 16:07:09,204 - src.face_recognition.core.embedding_recorder - WARNING - Error extracting embedding: 'FaceRecognizer' object has no attribute 'align_face'
2025-07-06 16:07:09,262 - src.face_recognition.core.embedding_recorder - WARNING - Error extracting embedding: 'FaceRecognizer' object has no attribute 'align_face'
2025-07-06 16:07:20,069 - src.face_recognition.core.embedding_recorder - INFO - Face embedding recording stopped manually
2025-07-06 16:11:18,237 - src.face_recognition.utils.managers - INFO - Advanced notification system initialized
2025-07-06 16:11:18,248 - src.face_recognition.core.face_detector - INFO - YuNet face detector initialized (2025 SOTA)
2025-07-06 16:11:18,307 - src.face_recognition.core.face_recognizer - INFO - SFace recognizer initialized (2025 SOTA)
2025-07-06 16:11:18,308 - src.face_recognition.utils.managers - INFO - Loaded 47 face encodings from database
2025-07-06 16:12:12,544 - src.face_recognition.core.system - INFO - ONNX Runtime available with providers: ['CUDAExecutionProvider', 'CPUExecutionProvider']
2025-07-06 16:12:36,314 - src.face_recognition.core.embedding_recorder - INFO - Started face embedding recording for Swapnil
2025-07-06 16:12:44,205 - src.face_recognition.core.face_recognizer - WARNING - SFace alignment failed, falling back to basic resize: OpenCV(4.11.0) :-1: error: (-5:Bad argument) in function 'alignCrop'
> Overload resolution failed:
>  - FaceRecognizerSF.alignCrop() missing required argument 'face_box' (pos 2)
>  - FaceRecognizerSF.alignCrop() missing required argument 'face_box' (pos 2)

2025-07-06 16:12:44,301 - src.face_recognition.core.face_recognizer - WARNING - SFace alignment failed, falling back to basic resize: OpenCV(4.11.0) :-1: error: (-5:Bad argument) in function 'alignCrop'
> Overload resolution failed:
>  - FaceRecognizerSF.alignCrop() missing required argument 'face_box' (pos 2)
>  - FaceRecognizerSF.alignCrop() missing required argument 'face_box' (pos 2)

2025-07-06 16:12:44,312 - src.face_recognition.core.embedding_recorder - WARNING - Error extracting embedding: 'FaceRecognizer' object has no attribute 'calculate_similarity'
2025-07-06 16:12:44,370 - src.face_recognition.core.face_recognizer - WARNING - SFace alignment failed, falling back to basic resize: OpenCV(4.11.0) :-1: error: (-5:Bad argument) in function 'alignCrop'
> Overload resolution failed:
>  - FaceRecognizerSF.alignCrop() missing required argument 'face_box' (pos 2)
>  - FaceRecognizerSF.alignCrop() missing required argument 'face_box' (pos 2)

2025-07-06 16:12:44,379 - src.face_recognition.core.embedding_recorder - WARNING - Error extracting embedding: 'FaceRecognizer' object has no attribute 'calculate_similarity'
2025-07-06 16:12:44,432 - src.face_recognition.core.face_recognizer - WARNING - SFace alignment failed, falling back to basic resize: OpenCV(4.11.0) :-1: error: (-5:Bad argument) in function 'alignCrop'
> Overload resolution failed:
>  - FaceRecognizerSF.alignCrop() missing required argument 'face_box' (pos 2)
>  - FaceRecognizerSF.alignCrop() missing required argument 'face_box' (pos 2)

2025-07-06 16:12:44,442 - src.face_recognition.core.embedding_recorder - WARNING - Error extracting embedding: 'FaceRecognizer' object has no attribute 'calculate_similarity'
2025-07-06 16:12:44,495 - src.face_recognition.core.face_recognizer - WARNING - SFace alignment failed, falling back to basic resize: OpenCV(4.11.0) :-1: error: (-5:Bad argument) in function 'alignCrop'
> Overload resolution failed:
>  - FaceRecognizerSF.alignCrop() missing required argument 'face_box' (pos 2)
>  - FaceRecognizerSF.alignCrop() missing required argument 'face_box' (pos 2)

2025-07-06 16:12:44,505 - src.face_recognition.core.embedding_recorder - WARNING - Error extracting embedding: 'FaceRecognizer' object has no attribute 'calculate_similarity'
2025-07-06 16:12:44,556 - src.face_recognition.core.face_recognizer - WARNING - SFace alignment failed, falling back to basic resize: OpenCV(4.11.0) :-1: error: (-5:Bad argument) in function 'alignCrop'
> Overload resolution failed:
>  - FaceRecognizerSF.alignCrop() missing required argument 'face_box' (pos 2)
>  - FaceRecognizerSF.alignCrop() missing required argument 'face_box' (pos 2)

2025-07-06 16:12:44,566 - src.face_recognition.core.embedding_recorder - WARNING - Error extracting embedding: 'FaceRecognizer' object has no attribute 'calculate_similarity'
2025-07-06 16:12:44,619 - src.face_recognition.core.face_recognizer - WARNING - SFace alignment failed, falling back to basic resize: OpenCV(4.11.0) :-1: error: (-5:Bad argument) in function 'alignCrop'
> Overload resolution failed:
>  - FaceRecognizerSF.alignCrop() missing required argument 'face_box' (pos 2)
>  - FaceRecognizerSF.alignCrop() missing required argument 'face_box' (pos 2)

2025-07-06 16:12:44,628 - src.face_recognition.core.embedding_recorder - WARNING - Error extracting embedding: 'FaceRecognizer' object has no attribute 'calculate_similarity'
2025-07-06 16:12:44,685 - src.face_recognition.core.face_recognizer - WARNING - SFace alignment failed, falling back to basic resize: OpenCV(4.11.0) :-1: error: (-5:Bad argument) in function 'alignCrop'
> Overload resolution failed:
>  - FaceRecognizerSF.alignCrop() missing required argument 'face_box' (pos 2)
>  - FaceRecognizerSF.alignCrop() missing required argument 'face_box' (pos 2)

2025-07-06 16:12:44,696 - src.face_recognition.core.embedding_recorder - WARNING - Error extracting embedding: 'FaceRecognizer' object has no attribute 'calculate_similarity'
2025-07-06 16:12:44,749 - src.face_recognition.core.face_recognizer - WARNING - SFace alignment failed, falling back to basic resize: OpenCV(4.11.0) :-1: error: (-5:Bad argument) in function 'alignCrop'
> Overload resolution failed:
>  - FaceRecognizerSF.alignCrop() missing required argument 'face_box' (pos 2)
>  - FaceRecognizerSF.alignCrop() missing required argument 'face_box' (pos 2)

2025-07-06 16:12:44,760 - src.face_recognition.core.embedding_recorder - WARNING - Error extracting embedding: 'FaceRecognizer' object has no attribute 'calculate_similarity'
2025-07-06 16:12:44,812 - src.face_recognition.core.face_recognizer - WARNING - SFace alignment failed, falling back to basic resize: OpenCV(4.11.0) :-1: error: (-5:Bad argument) in function 'alignCrop'
> Overload resolution failed:
>  - FaceRecognizerSF.alignCrop() missing required argument 'face_box' (pos 2)
>  - FaceRecognizerSF.alignCrop() missing required argument 'face_box' (pos 2)

2025-07-06 16:12:44,822 - src.face_recognition.core.embedding_recorder - WARNING - Error extracting embedding: 'FaceRecognizer' object has no attribute 'calculate_similarity'
2025-07-06 16:12:44,874 - src.face_recognition.core.face_recognizer - WARNING - SFace alignment failed, falling back to basic resize: OpenCV(4.11.0) :-1: error: (-5:Bad argument) in function 'alignCrop'
> Overload resolution failed:
>  - FaceRecognizerSF.alignCrop() missing required argument 'face_box' (pos 2)
>  - FaceRecognizerSF.alignCrop() missing required argument 'face_box' (pos 2)

2025-07-06 16:12:44,883 - src.face_recognition.core.embedding_recorder - WARNING - Error extracting embedding: 'FaceRecognizer' object has no attribute 'calculate_similarity'
2025-07-06 16:12:44,935 - src.face_recognition.core.face_recognizer - WARNING - SFace alignment failed, falling back to basic resize: OpenCV(4.11.0) :-1: error: (-5:Bad argument) in function 'alignCrop'
> Overload resolution failed:
>  - FaceRecognizerSF.alignCrop() missing required argument 'face_box' (pos 2)
>  - FaceRecognizerSF.alignCrop() missing required argument 'face_box' (pos 2)

2025-07-06 16:12:44,946 - src.face_recognition.core.embedding_recorder - WARNING - Error extracting embedding: 'FaceRecognizer' object has no attribute 'calculate_similarity'
2025-07-06 16:12:44,998 - src.face_recognition.core.face_recognizer - WARNING - SFace alignment failed, falling back to basic resize: OpenCV(4.11.0) :-1: error: (-5:Bad argument) in function 'alignCrop'
> Overload resolution failed:
>  - FaceRecognizerSF.alignCrop() missing required argument 'face_box' (pos 2)
>  - FaceRecognizerSF.alignCrop() missing required argument 'face_box' (pos 2)

2025-07-06 16:12:45,009 - src.face_recognition.core.embedding_recorder - WARNING - Error extracting embedding: 'FaceRecognizer' object has no attribute 'calculate_similarity'
2025-07-06 16:12:45,058 - src.face_recognition.core.face_recognizer - WARNING - SFace alignment failed, falling back to basic resize: OpenCV(4.11.0) :-1: error: (-5:Bad argument) in function 'alignCrop'
> Overload resolution failed:
>  - FaceRecognizerSF.alignCrop() missing required argument 'face_box' (pos 2)
>  - FaceRecognizerSF.alignCrop() missing required argument 'face_box' (pos 2)

2025-07-06 16:12:45,068 - src.face_recognition.core.embedding_recorder - WARNING - Error extracting embedding: 'FaceRecognizer' object has no attribute 'calculate_similarity'
2025-07-06 16:12:45,122 - src.face_recognition.core.face_recognizer - WARNING - SFace alignment failed, falling back to basic resize: OpenCV(4.11.0) :-1: error: (-5:Bad argument) in function 'alignCrop'
> Overload resolution failed:
>  - FaceRecognizerSF.alignCrop() missing required argument 'face_box' (pos 2)
>  - FaceRecognizerSF.alignCrop() missing required argument 'face_box' (pos 2)

2025-07-06 16:12:45,134 - src.face_recognition.core.embedding_recorder - WARNING - Error extracting embedding: 'FaceRecognizer' object has no attribute 'calculate_similarity'
2025-07-06 16:12:45,187 - src.face_recognition.core.face_recognizer - WARNING - SFace alignment failed, falling back to basic resize: OpenCV(4.11.0) :-1: error: (-5:Bad argument) in function 'alignCrop'
> Overload resolution failed:
>  - FaceRecognizerSF.alignCrop() missing required argument 'face_box' (pos 2)
>  - FaceRecognizerSF.alignCrop() missing required argument 'face_box' (pos 2)

2025-07-06 16:12:45,197 - src.face_recognition.core.embedding_recorder - WARNING - Error extracting embedding: 'FaceRecognizer' object has no attribute 'calculate_similarity'
2025-07-06 16:12:45,250 - src.face_recognition.core.face_recognizer - WARNING - SFace alignment failed, falling back to basic resize: OpenCV(4.11.0) :-1: error: (-5:Bad argument) in function 'alignCrop'
> Overload resolution failed:
>  - FaceRecognizerSF.alignCrop() missing required argument 'face_box' (pos 2)
>  - FaceRecognizerSF.alignCrop() missing required argument 'face_box' (pos 2)

2025-07-06 16:12:45,261 - src.face_recognition.core.embedding_recorder - WARNING - Error extracting embedding: 'FaceRecognizer' object has no attribute 'calculate_similarity'
2025-07-06 16:12:45,312 - src.face_recognition.core.face_recognizer - WARNING - SFace alignment failed, falling back to basic resize: OpenCV(4.11.0) :-1: error: (-5:Bad argument) in function 'alignCrop'
> Overload resolution failed:
>  - FaceRecognizerSF.alignCrop() missing required argument 'face_box' (pos 2)
>  - FaceRecognizerSF.alignCrop() missing required argument 'face_box' (pos 2)

2025-07-06 16:12:45,322 - src.face_recognition.core.embedding_recorder - WARNING - Error extracting embedding: 'FaceRecognizer' object has no attribute 'calculate_similarity'
2025-07-06 16:12:45,374 - src.face_recognition.core.face_recognizer - WARNING - SFace alignment failed, falling back to basic resize: OpenCV(4.11.0) :-1: error: (-5:Bad argument) in function 'alignCrop'
> Overload resolution failed:
>  - FaceRecognizerSF.alignCrop() missing required argument 'face_box' (pos 2)
>  - FaceRecognizerSF.alignCrop() missing required argument 'face_box' (pos 2)

2025-07-06 16:12:45,386 - src.face_recognition.core.embedding_recorder - WARNING - Error extracting embedding: 'FaceRecognizer' object has no attribute 'calculate_similarity'
2025-07-06 16:12:45,437 - src.face_recognition.core.face_recognizer - WARNING - SFace alignment failed, falling back to basic resize: OpenCV(4.11.0) :-1: error: (-5:Bad argument) in function 'alignCrop'
> Overload resolution failed:
>  - FaceRecognizerSF.alignCrop() missing required argument 'face_box' (pos 2)
>  - FaceRecognizerSF.alignCrop() missing required argument 'face_box' (pos 2)

2025-07-06 16:12:45,448 - src.face_recognition.core.embedding_recorder - WARNING - Error extracting embedding: 'FaceRecognizer' object has no attribute 'calculate_similarity'
2025-07-06 16:12:45,499 - src.face_recognition.core.face_recognizer - WARNING - SFace alignment failed, falling back to basic resize: OpenCV(4.11.0) :-1: error: (-5:Bad argument) in function 'alignCrop'
> Overload resolution failed:
>  - FaceRecognizerSF.alignCrop() missing required argument 'face_box' (pos 2)
>  - FaceRecognizerSF.alignCrop() missing required argument 'face_box' (pos 2)

2025-07-06 16:12:45,510 - src.face_recognition.core.embedding_recorder - WARNING - Error extracting embedding: 'FaceRecognizer' object has no attribute 'calculate_similarity'
2025-07-06 16:12:45,562 - src.face_recognition.core.face_recognizer - WARNING - SFace alignment failed, falling back to basic resize: OpenCV(4.11.0) :-1: error: (-5:Bad argument) in function 'alignCrop'
> Overload resolution failed:
>  - FaceRecognizerSF.alignCrop() missing required argument 'face_box' (pos 2)
>  - FaceRecognizerSF.alignCrop() missing required argument 'face_box' (pos 2)

2025-07-06 16:12:45,572 - src.face_recognition.core.embedding_recorder - WARNING - Error extracting embedding: 'FaceRecognizer' object has no attribute 'calculate_similarity'
2025-07-06 16:12:45,627 - src.face_recognition.core.face_recognizer - WARNING - SFace alignment failed, falling back to basic resize: OpenCV(4.11.0) :-1: error: (-5:Bad argument) in function 'alignCrop'
> Overload resolution failed:
>  - FaceRecognizerSF.alignCrop() missing required argument 'face_box' (pos 2)
>  - FaceRecognizerSF.alignCrop() missing required argument 'face_box' (pos 2)

2025-07-06 16:12:45,636 - src.face_recognition.core.embedding_recorder - WARNING - Error extracting embedding: 'FaceRecognizer' object has no attribute 'calculate_similarity'
2025-07-06 16:12:45,688 - src.face_recognition.core.face_recognizer - WARNING - SFace alignment failed, falling back to basic resize: OpenCV(4.11.0) :-1: error: (-5:Bad argument) in function 'alignCrop'
> Overload resolution failed:
>  - FaceRecognizerSF.alignCrop() missing required argument 'face_box' (pos 2)
>  - FaceRecognizerSF.alignCrop() missing required argument 'face_box' (pos 2)

2025-07-06 16:12:45,697 - src.face_recognition.core.embedding_recorder - WARNING - Error extracting embedding: 'FaceRecognizer' object has no attribute 'calculate_similarity'
2025-07-06 16:12:45,750 - src.face_recognition.core.face_recognizer - WARNING - SFace alignment failed, falling back to basic resize: OpenCV(4.11.0) :-1: error: (-5:Bad argument) in function 'alignCrop'
> Overload resolution failed:
>  - FaceRecognizerSF.alignCrop() missing required argument 'face_box' (pos 2)
>  - FaceRecognizerSF.alignCrop() missing required argument 'face_box' (pos 2)

2025-07-06 16:12:45,759 - src.face_recognition.core.embedding_recorder - WARNING - Error extracting embedding: 'FaceRecognizer' object has no attribute 'calculate_similarity'
2025-07-06 16:12:45,811 - src.face_recognition.core.face_recognizer - WARNING - SFace alignment failed, falling back to basic resize: OpenCV(4.11.0) :-1: error: (-5:Bad argument) in function 'alignCrop'
> Overload resolution failed:
>  - FaceRecognizerSF.alignCrop() missing required argument 'face_box' (pos 2)
>  - FaceRecognizerSF.alignCrop() missing required argument 'face_box' (pos 2)

2025-07-06 16:12:45,822 - src.face_recognition.core.embedding_recorder - WARNING - Error extracting embedding: 'FaceRecognizer' object has no attribute 'calculate_similarity'
2025-07-06 16:12:45,877 - src.face_recognition.core.face_recognizer - WARNING - SFace alignment failed, falling back to basic resize: OpenCV(4.11.0) :-1: error: (-5:Bad argument) in function 'alignCrop'
> Overload resolution failed:
>  - FaceRecognizerSF.alignCrop() missing required argument 'face_box' (pos 2)
>  - FaceRecognizerSF.alignCrop() missing required argument 'face_box' (pos 2)

2025-07-06 16:12:45,887 - src.face_recognition.core.embedding_recorder - WARNING - Error extracting embedding: 'FaceRecognizer' object has no attribute 'calculate_similarity'
2025-07-06 16:12:45,939 - src.face_recognition.core.face_recognizer - WARNING - SFace alignment failed, falling back to basic resize: OpenCV(4.11.0) :-1: error: (-5:Bad argument) in function 'alignCrop'
> Overload resolution failed:
>  - FaceRecognizerSF.alignCrop() missing required argument 'face_box' (pos 2)
>  - FaceRecognizerSF.alignCrop() missing required argument 'face_box' (pos 2)

2025-07-06 16:12:45,948 - src.face_recognition.core.embedding_recorder - WARNING - Error extracting embedding: 'FaceRecognizer' object has no attribute 'calculate_similarity'
2025-07-06 16:12:46,003 - src.face_recognition.core.face_recognizer - WARNING - SFace alignment failed, falling back to basic resize: OpenCV(4.11.0) :-1: error: (-5:Bad argument) in function 'alignCrop'
> Overload resolution failed:
>  - FaceRecognizerSF.alignCrop() missing required argument 'face_box' (pos 2)
>  - FaceRecognizerSF.alignCrop() missing required argument 'face_box' (pos 2)

2025-07-06 16:12:46,012 - src.face_recognition.core.embedding_recorder - WARNING - Error extracting embedding: 'FaceRecognizer' object has no attribute 'calculate_similarity'
2025-07-06 16:12:46,063 - src.face_recognition.core.face_recognizer - WARNING - SFace alignment failed, falling back to basic resize: OpenCV(4.11.0) :-1: error: (-5:Bad argument) in function 'alignCrop'
> Overload resolution failed:
>  - FaceRecognizerSF.alignCrop() missing required argument 'face_box' (pos 2)
>  - FaceRecognizerSF.alignCrop() missing required argument 'face_box' (pos 2)

2025-07-06 16:12:46,073 - src.face_recognition.core.embedding_recorder - WARNING - Error extracting embedding: 'FaceRecognizer' object has no attribute 'calculate_similarity'
2025-07-06 16:12:46,126 - src.face_recognition.core.face_recognizer - WARNING - SFace alignment failed, falling back to basic resize: OpenCV(4.11.0) :-1: error: (-5:Bad argument) in function 'alignCrop'
> Overload resolution failed:
>  - FaceRecognizerSF.alignCrop() missing required argument 'face_box' (pos 2)
>  - FaceRecognizerSF.alignCrop() missing required argument 'face_box' (pos 2)

2025-07-06 16:12:46,137 - src.face_recognition.core.embedding_recorder - WARNING - Error extracting embedding: 'FaceRecognizer' object has no attribute 'calculate_similarity'
2025-07-06 16:12:46,190 - src.face_recognition.core.face_recognizer - WARNING - SFace alignment failed, falling back to basic resize: OpenCV(4.11.0) :-1: error: (-5:Bad argument) in function 'alignCrop'
> Overload resolution failed:
>  - FaceRecognizerSF.alignCrop() missing required argument 'face_box' (pos 2)
>  - FaceRecognizerSF.alignCrop() missing required argument 'face_box' (pos 2)

2025-07-06 16:12:46,201 - src.face_recognition.core.embedding_recorder - WARNING - Error extracting embedding: 'FaceRecognizer' object has no attribute 'calculate_similarity'
2025-07-06 16:12:46,254 - src.face_recognition.core.face_recognizer - WARNING - SFace alignment failed, falling back to basic resize: OpenCV(4.11.0) :-1: error: (-5:Bad argument) in function 'alignCrop'
> Overload resolution failed:
>  - FaceRecognizerSF.alignCrop() missing required argument 'face_box' (pos 2)
>  - FaceRecognizerSF.alignCrop() missing required argument 'face_box' (pos 2)

2025-07-06 16:12:46,266 - src.face_recognition.core.embedding_recorder - WARNING - Error extracting embedding: 'FaceRecognizer' object has no attribute 'calculate_similarity'
2025-07-06 16:12:46,321 - src.face_recognition.core.face_recognizer - WARNING - SFace alignment failed, falling back to basic resize: OpenCV(4.11.0) :-1: error: (-5:Bad argument) in function 'alignCrop'
> Overload resolution failed:
>  - FaceRecognizerSF.alignCrop() missing required argument 'face_box' (pos 2)
>  - FaceRecognizerSF.alignCrop() missing required argument 'face_box' (pos 2)

2025-07-06 16:12:46,329 - src.face_recognition.core.embedding_recorder - WARNING - Error extracting embedding: 'FaceRecognizer' object has no attribute 'calculate_similarity'
2025-07-06 16:12:46,383 - src.face_recognition.core.face_recognizer - WARNING - SFace alignment failed, falling back to basic resize: OpenCV(4.11.0) :-1: error: (-5:Bad argument) in function 'alignCrop'
> Overload resolution failed:
>  - FaceRecognizerSF.alignCrop() missing required argument 'face_box' (pos 2)
>  - FaceRecognizerSF.alignCrop() missing required argument 'face_box' (pos 2)

2025-07-06 16:12:46,392 - src.face_recognition.core.embedding_recorder - WARNING - Error extracting embedding: 'FaceRecognizer' object has no attribute 'calculate_similarity'
2025-07-06 16:12:46,446 - src.face_recognition.core.face_recognizer - WARNING - SFace alignment failed, falling back to basic resize: OpenCV(4.11.0) :-1: error: (-5:Bad argument) in function 'alignCrop'
> Overload resolution failed:
>  - FaceRecognizerSF.alignCrop() missing required argument 'face_box' (pos 2)
>  - FaceRecognizerSF.alignCrop() missing required argument 'face_box' (pos 2)

2025-07-06 16:12:46,457 - src.face_recognition.core.embedding_recorder - WARNING - Error extracting embedding: 'FaceRecognizer' object has no attribute 'calculate_similarity'
2025-07-06 16:12:46,511 - src.face_recognition.core.face_recognizer - WARNING - SFace alignment failed, falling back to basic resize: OpenCV(4.11.0) :-1: error: (-5:Bad argument) in function 'alignCrop'
> Overload resolution failed:
>  - FaceRecognizerSF.alignCrop() missing required argument 'face_box' (pos 2)
>  - FaceRecognizerSF.alignCrop() missing required argument 'face_box' (pos 2)

2025-07-06 16:12:46,521 - src.face_recognition.core.embedding_recorder - WARNING - Error extracting embedding: 'FaceRecognizer' object has no attribute 'calculate_similarity'
2025-07-06 16:12:46,575 - src.face_recognition.core.face_recognizer - WARNING - SFace alignment failed, falling back to basic resize: OpenCV(4.11.0) :-1: error: (-5:Bad argument) in function 'alignCrop'
> Overload resolution failed:
>  - FaceRecognizerSF.alignCrop() missing required argument 'face_box' (pos 2)
>  - FaceRecognizerSF.alignCrop() missing required argument 'face_box' (pos 2)

2025-07-06 16:12:46,585 - src.face_recognition.core.embedding_recorder - WARNING - Error extracting embedding: 'FaceRecognizer' object has no attribute 'calculate_similarity'
2025-07-06 16:12:46,637 - src.face_recognition.core.face_recognizer - WARNING - SFace alignment failed, falling back to basic resize: OpenCV(4.11.0) :-1: error: (-5:Bad argument) in function 'alignCrop'
> Overload resolution failed:
>  - FaceRecognizerSF.alignCrop() missing required argument 'face_box' (pos 2)
>  - FaceRecognizerSF.alignCrop() missing required argument 'face_box' (pos 2)

2025-07-06 16:12:46,647 - src.face_recognition.core.embedding_recorder - WARNING - Error extracting embedding: 'FaceRecognizer' object has no attribute 'calculate_similarity'
2025-07-06 16:12:46,702 - src.face_recognition.core.face_recognizer - WARNING - SFace alignment failed, falling back to basic resize: OpenCV(4.11.0) :-1: error: (-5:Bad argument) in function 'alignCrop'
> Overload resolution failed:
>  - FaceRecognizerSF.alignCrop() missing required argument 'face_box' (pos 2)
>  - FaceRecognizerSF.alignCrop() missing required argument 'face_box' (pos 2)

2025-07-06 16:12:46,712 - src.face_recognition.core.embedding_recorder - WARNING - Error extracting embedding: 'FaceRecognizer' object has no attribute 'calculate_similarity'
2025-07-06 16:12:46,766 - src.face_recognition.core.face_recognizer - WARNING - SFace alignment failed, falling back to basic resize: OpenCV(4.11.0) :-1: error: (-5:Bad argument) in function 'alignCrop'
> Overload resolution failed:
>  - FaceRecognizerSF.alignCrop() missing required argument 'face_box' (pos 2)
>  - FaceRecognizerSF.alignCrop() missing required argument 'face_box' (pos 2)

2025-07-06 16:12:46,776 - src.face_recognition.core.embedding_recorder - WARNING - Error extracting embedding: 'FaceRecognizer' object has no attribute 'calculate_similarity'
2025-07-06 16:12:46,830 - src.face_recognition.core.face_recognizer - WARNING - SFace alignment failed, falling back to basic resize: OpenCV(4.11.0) :-1: error: (-5:Bad argument) in function 'alignCrop'
> Overload resolution failed:
>  - FaceRecognizerSF.alignCrop() missing required argument 'face_box' (pos 2)
>  - FaceRecognizerSF.alignCrop() missing required argument 'face_box' (pos 2)

2025-07-06 16:12:46,841 - src.face_recognition.core.embedding_recorder - WARNING - Error extracting embedding: 'FaceRecognizer' object has no attribute 'calculate_similarity'
2025-07-06 16:12:46,893 - src.face_recognition.core.face_recognizer - WARNING - SFace alignment failed, falling back to basic resize: OpenCV(4.11.0) :-1: error: (-5:Bad argument) in function 'alignCrop'
> Overload resolution failed:
>  - FaceRecognizerSF.alignCrop() missing required argument 'face_box' (pos 2)
>  - FaceRecognizerSF.alignCrop() missing required argument 'face_box' (pos 2)

2025-07-06 16:12:46,904 - src.face_recognition.core.embedding_recorder - WARNING - Error extracting embedding: 'FaceRecognizer' object has no attribute 'calculate_similarity'
2025-07-06 16:12:46,956 - src.face_recognition.core.face_recognizer - WARNING - SFace alignment failed, falling back to basic resize: OpenCV(4.11.0) :-1: error: (-5:Bad argument) in function 'alignCrop'
> Overload resolution failed:
>  - FaceRecognizerSF.alignCrop() missing required argument 'face_box' (pos 2)
>  - FaceRecognizerSF.alignCrop() missing required argument 'face_box' (pos 2)

2025-07-06 16:12:46,966 - src.face_recognition.core.embedding_recorder - WARNING - Error extracting embedding: 'FaceRecognizer' object has no attribute 'calculate_similarity'
2025-07-06 16:12:47,017 - src.face_recognition.core.face_recognizer - WARNING - SFace alignment failed, falling back to basic resize: OpenCV(4.11.0) :-1: error: (-5:Bad argument) in function 'alignCrop'
> Overload resolution failed:
>  - FaceRecognizerSF.alignCrop() missing required argument 'face_box' (pos 2)
>  - FaceRecognizerSF.alignCrop() missing required argument 'face_box' (pos 2)

2025-07-06 16:12:47,027 - src.face_recognition.core.embedding_recorder - WARNING - Error extracting embedding: 'FaceRecognizer' object has no attribute 'calculate_similarity'
2025-07-06 16:12:47,080 - src.face_recognition.core.face_recognizer - WARNING - SFace alignment failed, falling back to basic resize: OpenCV(4.11.0) :-1: error: (-5:Bad argument) in function 'alignCrop'
> Overload resolution failed:
>  - FaceRecognizerSF.alignCrop() missing required argument 'face_box' (pos 2)
>  - FaceRecognizerSF.alignCrop() missing required argument 'face_box' (pos 2)

2025-07-06 16:12:47,090 - src.face_recognition.core.embedding_recorder - WARNING - Error extracting embedding: 'FaceRecognizer' object has no attribute 'calculate_similarity'
2025-07-06 16:12:47,144 - src.face_recognition.core.face_recognizer - WARNING - SFace alignment failed, falling back to basic resize: OpenCV(4.11.0) :-1: error: (-5:Bad argument) in function 'alignCrop'
> Overload resolution failed:
>  - FaceRecognizerSF.alignCrop() missing required argument 'face_box' (pos 2)
>  - FaceRecognizerSF.alignCrop() missing required argument 'face_box' (pos 2)

2025-07-06 16:12:47,155 - src.face_recognition.core.embedding_recorder - WARNING - Error extracting embedding: 'FaceRecognizer' object has no attribute 'calculate_similarity'
2025-07-06 16:12:47,209 - src.face_recognition.core.face_recognizer - WARNING - SFace alignment failed, falling back to basic resize: OpenCV(4.11.0) :-1: error: (-5:Bad argument) in function 'alignCrop'
> Overload resolution failed:
>  - FaceRecognizerSF.alignCrop() missing required argument 'face_box' (pos 2)
>  - FaceRecognizerSF.alignCrop() missing required argument 'face_box' (pos 2)

2025-07-06 16:12:47,218 - src.face_recognition.core.embedding_recorder - WARNING - Error extracting embedding: 'FaceRecognizer' object has no attribute 'calculate_similarity'
2025-07-06 16:12:47,275 - src.face_recognition.core.face_recognizer - WARNING - SFace alignment failed, falling back to basic resize: OpenCV(4.11.0) :-1: error: (-5:Bad argument) in function 'alignCrop'
> Overload resolution failed:
>  - FaceRecognizerSF.alignCrop() missing required argument 'face_box' (pos 2)
>  - FaceRecognizerSF.alignCrop() missing required argument 'face_box' (pos 2)

2025-07-06 16:12:47,285 - src.face_recognition.core.embedding_recorder - WARNING - Error extracting embedding: 'FaceRecognizer' object has no attribute 'calculate_similarity'
2025-07-06 16:12:47,344 - src.face_recognition.core.face_recognizer - WARNING - SFace alignment failed, falling back to basic resize: OpenCV(4.11.0) :-1: error: (-5:Bad argument) in function 'alignCrop'
> Overload resolution failed:
>  - FaceRecognizerSF.alignCrop() missing required argument 'face_box' (pos 2)
>  - FaceRecognizerSF.alignCrop() missing required argument 'face_box' (pos 2)

2025-07-06 16:12:47,356 - src.face_recognition.core.embedding_recorder - WARNING - Error extracting embedding: 'FaceRecognizer' object has no attribute 'calculate_similarity'
2025-07-06 16:12:47,414 - src.face_recognition.core.face_recognizer - WARNING - SFace alignment failed, falling back to basic resize: OpenCV(4.11.0) :-1: error: (-5:Bad argument) in function 'alignCrop'
> Overload resolution failed:
>  - FaceRecognizerSF.alignCrop() missing required argument 'face_box' (pos 2)
>  - FaceRecognizerSF.alignCrop() missing required argument 'face_box' (pos 2)

2025-07-06 16:12:47,426 - src.face_recognition.core.embedding_recorder - WARNING - Error extracting embedding: 'FaceRecognizer' object has no attribute 'calculate_similarity'
2025-07-06 16:12:47,483 - src.face_recognition.core.face_recognizer - WARNING - SFace alignment failed, falling back to basic resize: OpenCV(4.11.0) :-1: error: (-5:Bad argument) in function 'alignCrop'
> Overload resolution failed:
>  - FaceRecognizerSF.alignCrop() missing required argument 'face_box' (pos 2)
>  - FaceRecognizerSF.alignCrop() missing required argument 'face_box' (pos 2)

2025-07-06 16:12:47,495 - src.face_recognition.core.embedding_recorder - WARNING - Error extracting embedding: 'FaceRecognizer' object has no attribute 'calculate_similarity'
2025-07-06 16:12:47,553 - src.face_recognition.core.face_recognizer - WARNING - SFace alignment failed, falling back to basic resize: OpenCV(4.11.0) :-1: error: (-5:Bad argument) in function 'alignCrop'
> Overload resolution failed:
>  - FaceRecognizerSF.alignCrop() missing required argument 'face_box' (pos 2)
>  - FaceRecognizerSF.alignCrop() missing required argument 'face_box' (pos 2)

2025-07-06 16:12:47,566 - src.face_recognition.core.embedding_recorder - WARNING - Error extracting embedding: 'FaceRecognizer' object has no attribute 'calculate_similarity'
2025-07-06 16:12:47,624 - src.face_recognition.core.face_recognizer - WARNING - SFace alignment failed, falling back to basic resize: OpenCV(4.11.0) :-1: error: (-5:Bad argument) in function 'alignCrop'
> Overload resolution failed:
>  - FaceRecognizerSF.alignCrop() missing required argument 'face_box' (pos 2)
>  - FaceRecognizerSF.alignCrop() missing required argument 'face_box' (pos 2)

2025-07-06 16:12:47,636 - src.face_recognition.core.embedding_recorder - WARNING - Error extracting embedding: 'FaceRecognizer' object has no attribute 'calculate_similarity'
2025-07-06 16:12:47,694 - src.face_recognition.core.face_recognizer - WARNING - SFace alignment failed, falling back to basic resize: OpenCV(4.11.0) :-1: error: (-5:Bad argument) in function 'alignCrop'
> Overload resolution failed:
>  - FaceRecognizerSF.alignCrop() missing required argument 'face_box' (pos 2)
>  - FaceRecognizerSF.alignCrop() missing required argument 'face_box' (pos 2)

2025-07-06 16:12:47,706 - src.face_recognition.core.embedding_recorder - WARNING - Error extracting embedding: 'FaceRecognizer' object has no attribute 'calculate_similarity'
2025-07-06 16:12:47,774 - src.face_recognition.core.face_recognizer - WARNING - SFace alignment failed, falling back to basic resize: OpenCV(4.11.0) :-1: error: (-5:Bad argument) in function 'alignCrop'
> Overload resolution failed:
>  - FaceRecognizerSF.alignCrop() missing required argument 'face_box' (pos 2)
>  - FaceRecognizerSF.alignCrop() missing required argument 'face_box' (pos 2)

2025-07-06 16:12:47,786 - src.face_recognition.core.embedding_recorder - WARNING - Error extracting embedding: 'FaceRecognizer' object has no attribute 'calculate_similarity'
2025-07-06 16:12:47,847 - src.face_recognition.core.face_recognizer - WARNING - SFace alignment failed, falling back to basic resize: OpenCV(4.11.0) :-1: error: (-5:Bad argument) in function 'alignCrop'
> Overload resolution failed:
>  - FaceRecognizerSF.alignCrop() missing required argument 'face_box' (pos 2)
>  - FaceRecognizerSF.alignCrop() missing required argument 'face_box' (pos 2)

2025-07-06 16:12:47,859 - src.face_recognition.core.embedding_recorder - WARNING - Error extracting embedding: 'FaceRecognizer' object has no attribute 'calculate_similarity'
2025-07-06 16:12:47,914 - src.face_recognition.core.face_recognizer - WARNING - SFace alignment failed, falling back to basic resize: OpenCV(4.11.0) :-1: error: (-5:Bad argument) in function 'alignCrop'
> Overload resolution failed:
>  - FaceRecognizerSF.alignCrop() missing required argument 'face_box' (pos 2)
>  - FaceRecognizerSF.alignCrop() missing required argument 'face_box' (pos 2)

2025-07-06 16:12:47,922 - src.face_recognition.core.embedding_recorder - WARNING - Error extracting embedding: 'FaceRecognizer' object has no attribute 'calculate_similarity'
2025-07-06 16:12:47,976 - src.face_recognition.core.face_recognizer - WARNING - SFace alignment failed, falling back to basic resize: OpenCV(4.11.0) :-1: error: (-5:Bad argument) in function 'alignCrop'
> Overload resolution failed:
>  - FaceRecognizerSF.alignCrop() missing required argument 'face_box' (pos 2)
>  - FaceRecognizerSF.alignCrop() missing required argument 'face_box' (pos 2)

2025-07-06 16:12:47,985 - src.face_recognition.core.embedding_recorder - WARNING - Error extracting embedding: 'FaceRecognizer' object has no attribute 'calculate_similarity'
2025-07-06 16:12:48,038 - src.face_recognition.core.face_recognizer - WARNING - SFace alignment failed, falling back to basic resize: OpenCV(4.11.0) :-1: error: (-5:Bad argument) in function 'alignCrop'
> Overload resolution failed:
>  - FaceRecognizerSF.alignCrop() missing required argument 'face_box' (pos 2)
>  - FaceRecognizerSF.alignCrop() missing required argument 'face_box' (pos 2)

2025-07-06 16:12:48,048 - src.face_recognition.core.embedding_recorder - WARNING - Error extracting embedding: 'FaceRecognizer' object has no attribute 'calculate_similarity'
2025-07-06 16:12:48,101 - src.face_recognition.core.face_recognizer - WARNING - SFace alignment failed, falling back to basic resize: OpenCV(4.11.0) :-1: error: (-5:Bad argument) in function 'alignCrop'
> Overload resolution failed:
>  - FaceRecognizerSF.alignCrop() missing required argument 'face_box' (pos 2)
>  - FaceRecognizerSF.alignCrop() missing required argument 'face_box' (pos 2)

2025-07-06 16:12:48,110 - src.face_recognition.core.embedding_recorder - WARNING - Error extracting embedding: 'FaceRecognizer' object has no attribute 'calculate_similarity'
2025-07-06 16:12:48,162 - src.face_recognition.core.face_recognizer - WARNING - SFace alignment failed, falling back to basic resize: OpenCV(4.11.0) :-1: error: (-5:Bad argument) in function 'alignCrop'
> Overload resolution failed:
>  - FaceRecognizerSF.alignCrop() missing required argument 'face_box' (pos 2)
>  - FaceRecognizerSF.alignCrop() missing required argument 'face_box' (pos 2)

2025-07-06 16:12:48,172 - src.face_recognition.core.embedding_recorder - WARNING - Error extracting embedding: 'FaceRecognizer' object has no attribute 'calculate_similarity'
2025-07-06 16:12:48,226 - src.face_recognition.core.face_recognizer - WARNING - SFace alignment failed, falling back to basic resize: OpenCV(4.11.0) :-1: error: (-5:Bad argument) in function 'alignCrop'
> Overload resolution failed:
>  - FaceRecognizerSF.alignCrop() missing required argument 'face_box' (pos 2)
>  - FaceRecognizerSF.alignCrop() missing required argument 'face_box' (pos 2)

2025-07-06 16:12:48,235 - src.face_recognition.core.embedding_recorder - WARNING - Error extracting embedding: 'FaceRecognizer' object has no attribute 'calculate_similarity'
2025-07-06 16:12:48,288 - src.face_recognition.core.face_recognizer - WARNING - SFace alignment failed, falling back to basic resize: OpenCV(4.11.0) :-1: error: (-5:Bad argument) in function 'alignCrop'
> Overload resolution failed:
>  - FaceRecognizerSF.alignCrop() missing required argument 'face_box' (pos 2)
>  - FaceRecognizerSF.alignCrop() missing required argument 'face_box' (pos 2)

2025-07-06 16:12:48,298 - src.face_recognition.core.embedding_recorder - WARNING - Error extracting embedding: 'FaceRecognizer' object has no attribute 'calculate_similarity'
2025-07-06 16:12:48,350 - src.face_recognition.core.face_recognizer - WARNING - SFace alignment failed, falling back to basic resize: OpenCV(4.11.0) :-1: error: (-5:Bad argument) in function 'alignCrop'
> Overload resolution failed:
>  - FaceRecognizerSF.alignCrop() missing required argument 'face_box' (pos 2)
>  - FaceRecognizerSF.alignCrop() missing required argument 'face_box' (pos 2)

2025-07-06 16:12:48,359 - src.face_recognition.core.embedding_recorder - WARNING - Error extracting embedding: 'FaceRecognizer' object has no attribute 'calculate_similarity'
2025-07-06 16:12:48,415 - src.face_recognition.core.face_recognizer - WARNING - SFace alignment failed, falling back to basic resize: OpenCV(4.11.0) :-1: error: (-5:Bad argument) in function 'alignCrop'
> Overload resolution failed:
>  - FaceRecognizerSF.alignCrop() missing required argument 'face_box' (pos 2)
>  - FaceRecognizerSF.alignCrop() missing required argument 'face_box' (pos 2)

2025-07-06 16:12:48,424 - src.face_recognition.core.embedding_recorder - WARNING - Error extracting embedding: 'FaceRecognizer' object has no attribute 'calculate_similarity'
2025-07-06 16:12:48,478 - src.face_recognition.core.face_recognizer - WARNING - SFace alignment failed, falling back to basic resize: OpenCV(4.11.0) :-1: error: (-5:Bad argument) in function 'alignCrop'
> Overload resolution failed:
>  - FaceRecognizerSF.alignCrop() missing required argument 'face_box' (pos 2)
>  - FaceRecognizerSF.alignCrop() missing required argument 'face_box' (pos 2)

2025-07-06 16:12:48,487 - src.face_recognition.core.embedding_recorder - WARNING - Error extracting embedding: 'FaceRecognizer' object has no attribute 'calculate_similarity'
2025-07-06 16:12:48,540 - src.face_recognition.core.face_recognizer - WARNING - SFace alignment failed, falling back to basic resize: OpenCV(4.11.0) :-1: error: (-5:Bad argument) in function 'alignCrop'
> Overload resolution failed:
>  - FaceRecognizerSF.alignCrop() missing required argument 'face_box' (pos 2)
>  - FaceRecognizerSF.alignCrop() missing required argument 'face_box' (pos 2)

2025-07-06 16:12:48,549 - src.face_recognition.core.embedding_recorder - WARNING - Error extracting embedding: 'FaceRecognizer' object has no attribute 'calculate_similarity'
2025-07-06 16:12:48,599 - src.face_recognition.core.face_recognizer - WARNING - SFace alignment failed, falling back to basic resize: OpenCV(4.11.0) :-1: error: (-5:Bad argument) in function 'alignCrop'
> Overload resolution failed:
>  - FaceRecognizerSF.alignCrop() missing required argument 'face_box' (pos 2)
>  - FaceRecognizerSF.alignCrop() missing required argument 'face_box' (pos 2)

2025-07-06 16:12:48,609 - src.face_recognition.core.embedding_recorder - WARNING - Error extracting embedding: 'FaceRecognizer' object has no attribute 'calculate_similarity'
2025-07-06 16:12:48,663 - src.face_recognition.core.face_recognizer - WARNING - SFace alignment failed, falling back to basic resize: OpenCV(4.11.0) :-1: error: (-5:Bad argument) in function 'alignCrop'
> Overload resolution failed:
>  - FaceRecognizerSF.alignCrop() missing required argument 'face_box' (pos 2)
>  - FaceRecognizerSF.alignCrop() missing required argument 'face_box' (pos 2)

2025-07-06 16:12:48,674 - src.face_recognition.core.embedding_recorder - WARNING - Error extracting embedding: 'FaceRecognizer' object has no attribute 'calculate_similarity'
2025-07-06 16:12:48,726 - src.face_recognition.core.face_recognizer - WARNING - SFace alignment failed, falling back to basic resize: OpenCV(4.11.0) :-1: error: (-5:Bad argument) in function 'alignCrop'
> Overload resolution failed:
>  - FaceRecognizerSF.alignCrop() missing required argument 'face_box' (pos 2)
>  - FaceRecognizerSF.alignCrop() missing required argument 'face_box' (pos 2)

2025-07-06 16:12:48,737 - src.face_recognition.core.embedding_recorder - WARNING - Error extracting embedding: 'FaceRecognizer' object has no attribute 'calculate_similarity'
2025-07-06 16:12:48,792 - src.face_recognition.core.face_recognizer - WARNING - SFace alignment failed, falling back to basic resize: OpenCV(4.11.0) :-1: error: (-5:Bad argument) in function 'alignCrop'
> Overload resolution failed:
>  - FaceRecognizerSF.alignCrop() missing required argument 'face_box' (pos 2)
>  - FaceRecognizerSF.alignCrop() missing required argument 'face_box' (pos 2)

2025-07-06 16:12:48,801 - src.face_recognition.core.embedding_recorder - WARNING - Error extracting embedding: 'FaceRecognizer' object has no attribute 'calculate_similarity'
2025-07-06 16:12:48,854 - src.face_recognition.core.face_recognizer - WARNING - SFace alignment failed, falling back to basic resize: OpenCV(4.11.0) :-1: error: (-5:Bad argument) in function 'alignCrop'
> Overload resolution failed:
>  - FaceRecognizerSF.alignCrop() missing required argument 'face_box' (pos 2)
>  - FaceRecognizerSF.alignCrop() missing required argument 'face_box' (pos 2)

2025-07-06 16:12:48,863 - src.face_recognition.core.embedding_recorder - WARNING - Error extracting embedding: 'FaceRecognizer' object has no attribute 'calculate_similarity'
2025-07-06 16:12:48,915 - src.face_recognition.core.face_recognizer - WARNING - SFace alignment failed, falling back to basic resize: OpenCV(4.11.0) :-1: error: (-5:Bad argument) in function 'alignCrop'
> Overload resolution failed:
>  - FaceRecognizerSF.alignCrop() missing required argument 'face_box' (pos 2)
>  - FaceRecognizerSF.alignCrop() missing required argument 'face_box' (pos 2)

2025-07-06 16:12:48,925 - src.face_recognition.core.embedding_recorder - WARNING - Error extracting embedding: 'FaceRecognizer' object has no attribute 'calculate_similarity'
2025-07-06 16:12:48,979 - src.face_recognition.core.face_recognizer - WARNING - SFace alignment failed, falling back to basic resize: OpenCV(4.11.0) :-1: error: (-5:Bad argument) in function 'alignCrop'
> Overload resolution failed:
>  - FaceRecognizerSF.alignCrop() missing required argument 'face_box' (pos 2)
>  - FaceRecognizerSF.alignCrop() missing required argument 'face_box' (pos 2)

2025-07-06 16:12:48,989 - src.face_recognition.core.embedding_recorder - WARNING - Error extracting embedding: 'FaceRecognizer' object has no attribute 'calculate_similarity'
2025-07-06 16:12:49,040 - src.face_recognition.core.face_recognizer - WARNING - SFace alignment failed, falling back to basic resize: OpenCV(4.11.0) :-1: error: (-5:Bad argument) in function 'alignCrop'
> Overload resolution failed:
>  - FaceRecognizerSF.alignCrop() missing required argument 'face_box' (pos 2)
>  - FaceRecognizerSF.alignCrop() missing required argument 'face_box' (pos 2)

2025-07-06 16:12:49,052 - src.face_recognition.core.embedding_recorder - WARNING - Error extracting embedding: 'FaceRecognizer' object has no attribute 'calculate_similarity'
2025-07-06 16:12:49,104 - src.face_recognition.core.face_recognizer - WARNING - SFace alignment failed, falling back to basic resize: OpenCV(4.11.0) :-1: error: (-5:Bad argument) in function 'alignCrop'
> Overload resolution failed:
>  - FaceRecognizerSF.alignCrop() missing required argument 'face_box' (pos 2)
>  - FaceRecognizerSF.alignCrop() missing required argument 'face_box' (pos 2)

2025-07-06 16:12:49,115 - src.face_recognition.core.embedding_recorder - WARNING - Error extracting embedding: 'FaceRecognizer' object has no attribute 'calculate_similarity'
2025-07-06 16:12:49,167 - src.face_recognition.core.face_recognizer - WARNING - SFace alignment failed, falling back to basic resize: OpenCV(4.11.0) :-1: error: (-5:Bad argument) in function 'alignCrop'
> Overload resolution failed:
>  - FaceRecognizerSF.alignCrop() missing required argument 'face_box' (pos 2)
>  - FaceRecognizerSF.alignCrop() missing required argument 'face_box' (pos 2)

2025-07-06 16:12:49,178 - src.face_recognition.core.embedding_recorder - WARNING - Error extracting embedding: 'FaceRecognizer' object has no attribute 'calculate_similarity'
2025-07-06 16:12:49,233 - src.face_recognition.core.face_recognizer - WARNING - SFace alignment failed, falling back to basic resize: OpenCV(4.11.0) :-1: error: (-5:Bad argument) in function 'alignCrop'
> Overload resolution failed:
>  - FaceRecognizerSF.alignCrop() missing required argument 'face_box' (pos 2)
>  - FaceRecognizerSF.alignCrop() missing required argument 'face_box' (pos 2)

2025-07-06 16:12:49,243 - src.face_recognition.core.embedding_recorder - WARNING - Error extracting embedding: 'FaceRecognizer' object has no attribute 'calculate_similarity'
2025-07-06 16:12:49,297 - src.face_recognition.core.face_recognizer - WARNING - SFace alignment failed, falling back to basic resize: OpenCV(4.11.0) :-1: error: (-5:Bad argument) in function 'alignCrop'
> Overload resolution failed:
>  - FaceRecognizerSF.alignCrop() missing required argument 'face_box' (pos 2)
>  - FaceRecognizerSF.alignCrop() missing required argument 'face_box' (pos 2)

2025-07-06 16:12:49,307 - src.face_recognition.core.embedding_recorder - WARNING - Error extracting embedding: 'FaceRecognizer' object has no attribute 'calculate_similarity'
2025-07-06 16:12:49,360 - src.face_recognition.core.face_recognizer - WARNING - SFace alignment failed, falling back to basic resize: OpenCV(4.11.0) :-1: error: (-5:Bad argument) in function 'alignCrop'
> Overload resolution failed:
>  - FaceRecognizerSF.alignCrop() missing required argument 'face_box' (pos 2)
>  - FaceRecognizerSF.alignCrop() missing required argument 'face_box' (pos 2)

2025-07-06 16:12:49,369 - src.face_recognition.core.embedding_recorder - WARNING - Error extracting embedding: 'FaceRecognizer' object has no attribute 'calculate_similarity'
2025-07-06 16:12:49,421 - src.face_recognition.core.face_recognizer - WARNING - SFace alignment failed, falling back to basic resize: OpenCV(4.11.0) :-1: error: (-5:Bad argument) in function 'alignCrop'
> Overload resolution failed:
>  - FaceRecognizerSF.alignCrop() missing required argument 'face_box' (pos 2)
>  - FaceRecognizerSF.alignCrop() missing required argument 'face_box' (pos 2)

2025-07-06 16:12:49,430 - src.face_recognition.core.embedding_recorder - WARNING - Error extracting embedding: 'FaceRecognizer' object has no attribute 'calculate_similarity'
2025-07-06 16:12:49,484 - src.face_recognition.core.face_recognizer - WARNING - SFace alignment failed, falling back to basic resize: OpenCV(4.11.0) :-1: error: (-5:Bad argument) in function 'alignCrop'
> Overload resolution failed:
>  - FaceRecognizerSF.alignCrop() missing required argument 'face_box' (pos 2)
>  - FaceRecognizerSF.alignCrop() missing required argument 'face_box' (pos 2)

2025-07-06 16:12:49,493 - src.face_recognition.core.embedding_recorder - WARNING - Error extracting embedding: 'FaceRecognizer' object has no attribute 'calculate_similarity'
2025-07-06 16:12:49,545 - src.face_recognition.core.face_recognizer - WARNING - SFace alignment failed, falling back to basic resize: OpenCV(4.11.0) :-1: error: (-5:Bad argument) in function 'alignCrop'
> Overload resolution failed:
>  - FaceRecognizerSF.alignCrop() missing required argument 'face_box' (pos 2)
>  - FaceRecognizerSF.alignCrop() missing required argument 'face_box' (pos 2)

2025-07-06 16:12:49,554 - src.face_recognition.core.embedding_recorder - WARNING - Error extracting embedding: 'FaceRecognizer' object has no attribute 'calculate_similarity'
2025-07-06 16:12:49,608 - src.face_recognition.core.face_recognizer - WARNING - SFace alignment failed, falling back to basic resize: OpenCV(4.11.0) :-1: error: (-5:Bad argument) in function 'alignCrop'
> Overload resolution failed:
>  - FaceRecognizerSF.alignCrop() missing required argument 'face_box' (pos 2)
>  - FaceRecognizerSF.alignCrop() missing required argument 'face_box' (pos 2)

2025-07-06 16:12:49,618 - src.face_recognition.core.embedding_recorder - WARNING - Error extracting embedding: 'FaceRecognizer' object has no attribute 'calculate_similarity'
2025-07-06 16:12:49,675 - src.face_recognition.core.face_recognizer - WARNING - SFace alignment failed, falling back to basic resize: OpenCV(4.11.0) :-1: error: (-5:Bad argument) in function 'alignCrop'
> Overload resolution failed:
>  - FaceRecognizerSF.alignCrop() missing required argument 'face_box' (pos 2)
>  - FaceRecognizerSF.alignCrop() missing required argument 'face_box' (pos 2)

2025-07-06 16:12:49,683 - src.face_recognition.core.embedding_recorder - WARNING - Error extracting embedding: 'FaceRecognizer' object has no attribute 'calculate_similarity'
2025-07-06 16:12:49,736 - src.face_recognition.core.face_recognizer - WARNING - SFace alignment failed, falling back to basic resize: OpenCV(4.11.0) :-1: error: (-5:Bad argument) in function 'alignCrop'
> Overload resolution failed:
>  - FaceRecognizerSF.alignCrop() missing required argument 'face_box' (pos 2)
>  - FaceRecognizerSF.alignCrop() missing required argument 'face_box' (pos 2)

2025-07-06 16:12:49,745 - src.face_recognition.core.embedding_recorder - WARNING - Error extracting embedding: 'FaceRecognizer' object has no attribute 'calculate_similarity'
2025-07-06 16:12:49,798 - src.face_recognition.core.face_recognizer - WARNING - SFace alignment failed, falling back to basic resize: OpenCV(4.11.0) :-1: error: (-5:Bad argument) in function 'alignCrop'
> Overload resolution failed:
>  - FaceRecognizerSF.alignCrop() missing required argument 'face_box' (pos 2)
>  - FaceRecognizerSF.alignCrop() missing required argument 'face_box' (pos 2)

2025-07-06 16:12:49,808 - src.face_recognition.core.embedding_recorder - WARNING - Error extracting embedding: 'FaceRecognizer' object has no attribute 'calculate_similarity'
2025-07-06 16:12:49,861 - src.face_recognition.core.face_recognizer - WARNING - SFace alignment failed, falling back to basic resize: OpenCV(4.11.0) :-1: error: (-5:Bad argument) in function 'alignCrop'
> Overload resolution failed:
>  - FaceRecognizerSF.alignCrop() missing required argument 'face_box' (pos 2)
>  - FaceRecognizerSF.alignCrop() missing required argument 'face_box' (pos 2)

2025-07-06 16:12:49,871 - src.face_recognition.core.embedding_recorder - WARNING - Error extracting embedding: 'FaceRecognizer' object has no attribute 'calculate_similarity'
2025-07-06 16:12:49,924 - src.face_recognition.core.face_recognizer - WARNING - SFace alignment failed, falling back to basic resize: OpenCV(4.11.0) :-1: error: (-5:Bad argument) in function 'alignCrop'
> Overload resolution failed:
>  - FaceRecognizerSF.alignCrop() missing required argument 'face_box' (pos 2)
>  - FaceRecognizerSF.alignCrop() missing required argument 'face_box' (pos 2)

2025-07-06 16:12:49,933 - src.face_recognition.core.embedding_recorder - WARNING - Error extracting embedding: 'FaceRecognizer' object has no attribute 'calculate_similarity'
2025-07-06 16:12:49,985 - src.face_recognition.core.face_recognizer - WARNING - SFace alignment failed, falling back to basic resize: OpenCV(4.11.0) :-1: error: (-5:Bad argument) in function 'alignCrop'
> Overload resolution failed:
>  - FaceRecognizerSF.alignCrop() missing required argument 'face_box' (pos 2)
>  - FaceRecognizerSF.alignCrop() missing required argument 'face_box' (pos 2)

2025-07-06 16:12:49,995 - src.face_recognition.core.embedding_recorder - WARNING - Error extracting embedding: 'FaceRecognizer' object has no attribute 'calculate_similarity'
2025-07-06 16:12:50,048 - src.face_recognition.core.face_recognizer - WARNING - SFace alignment failed, falling back to basic resize: OpenCV(4.11.0) :-1: error: (-5:Bad argument) in function 'alignCrop'
> Overload resolution failed:
>  - FaceRecognizerSF.alignCrop() missing required argument 'face_box' (pos 2)
>  - FaceRecognizerSF.alignCrop() missing required argument 'face_box' (pos 2)

2025-07-06 16:12:50,057 - src.face_recognition.core.embedding_recorder - WARNING - Error extracting embedding: 'FaceRecognizer' object has no attribute 'calculate_similarity'
2025-07-06 16:12:50,110 - src.face_recognition.core.face_recognizer - WARNING - SFace alignment failed, falling back to basic resize: OpenCV(4.11.0) :-1: error: (-5:Bad argument) in function 'alignCrop'
> Overload resolution failed:
>  - FaceRecognizerSF.alignCrop() missing required argument 'face_box' (pos 2)
>  - FaceRecognizerSF.alignCrop() missing required argument 'face_box' (pos 2)

2025-07-06 16:12:50,119 - src.face_recognition.core.embedding_recorder - WARNING - Error extracting embedding: 'FaceRecognizer' object has no attribute 'calculate_similarity'
2025-07-06 16:12:50,173 - src.face_recognition.core.face_recognizer - WARNING - SFace alignment failed, falling back to basic resize: OpenCV(4.11.0) :-1: error: (-5:Bad argument) in function 'alignCrop'
> Overload resolution failed:
>  - FaceRecognizerSF.alignCrop() missing required argument 'face_box' (pos 2)
>  - FaceRecognizerSF.alignCrop() missing required argument 'face_box' (pos 2)

2025-07-06 16:12:50,182 - src.face_recognition.core.embedding_recorder - WARNING - Error extracting embedding: 'FaceRecognizer' object has no attribute 'calculate_similarity'
2025-07-06 16:12:50,235 - src.face_recognition.core.face_recognizer - WARNING - SFace alignment failed, falling back to basic resize: OpenCV(4.11.0) :-1: error: (-5:Bad argument) in function 'alignCrop'
> Overload resolution failed:
>  - FaceRecognizerSF.alignCrop() missing required argument 'face_box' (pos 2)
>  - FaceRecognizerSF.alignCrop() missing required argument 'face_box' (pos 2)

2025-07-06 16:12:50,245 - src.face_recognition.core.embedding_recorder - WARNING - Error extracting embedding: 'FaceRecognizer' object has no attribute 'calculate_similarity'
2025-07-06 16:12:50,297 - src.face_recognition.core.face_recognizer - WARNING - SFace alignment failed, falling back to basic resize: OpenCV(4.11.0) :-1: error: (-5:Bad argument) in function 'alignCrop'
> Overload resolution failed:
>  - FaceRecognizerSF.alignCrop() missing required argument 'face_box' (pos 2)
>  - FaceRecognizerSF.alignCrop() missing required argument 'face_box' (pos 2)

2025-07-06 16:12:50,307 - src.face_recognition.core.embedding_recorder - WARNING - Error extracting embedding: 'FaceRecognizer' object has no attribute 'calculate_similarity'
2025-07-06 16:12:50,362 - src.face_recognition.core.face_recognizer - WARNING - SFace alignment failed, falling back to basic resize: OpenCV(4.11.0) :-1: error: (-5:Bad argument) in function 'alignCrop'
> Overload resolution failed:
>  - FaceRecognizerSF.alignCrop() missing required argument 'face_box' (pos 2)
>  - FaceRecognizerSF.alignCrop() missing required argument 'face_box' (pos 2)

2025-07-06 16:12:50,373 - src.face_recognition.core.embedding_recorder - WARNING - Error extracting embedding: 'FaceRecognizer' object has no attribute 'calculate_similarity'
2025-07-06 16:12:50,424 - src.face_recognition.core.face_recognizer - WARNING - SFace alignment failed, falling back to basic resize: OpenCV(4.11.0) :-1: error: (-5:Bad argument) in function 'alignCrop'
> Overload resolution failed:
>  - FaceRecognizerSF.alignCrop() missing required argument 'face_box' (pos 2)
>  - FaceRecognizerSF.alignCrop() missing required argument 'face_box' (pos 2)

2025-07-06 16:12:50,433 - src.face_recognition.core.embedding_recorder - WARNING - Error extracting embedding: 'FaceRecognizer' object has no attribute 'calculate_similarity'
2025-07-06 16:12:50,487 - src.face_recognition.core.face_recognizer - WARNING - SFace alignment failed, falling back to basic resize: OpenCV(4.11.0) :-1: error: (-5:Bad argument) in function 'alignCrop'
> Overload resolution failed:
>  - FaceRecognizerSF.alignCrop() missing required argument 'face_box' (pos 2)
>  - FaceRecognizerSF.alignCrop() missing required argument 'face_box' (pos 2)

2025-07-06 16:12:50,496 - src.face_recognition.core.embedding_recorder - WARNING - Error extracting embedding: 'FaceRecognizer' object has no attribute 'calculate_similarity'
2025-07-06 16:12:50,548 - src.face_recognition.core.face_recognizer - WARNING - SFace alignment failed, falling back to basic resize: OpenCV(4.11.0) :-1: error: (-5:Bad argument) in function 'alignCrop'
> Overload resolution failed:
>  - FaceRecognizerSF.alignCrop() missing required argument 'face_box' (pos 2)
>  - FaceRecognizerSF.alignCrop() missing required argument 'face_box' (pos 2)

2025-07-06 16:12:50,558 - src.face_recognition.core.embedding_recorder - WARNING - Error extracting embedding: 'FaceRecognizer' object has no attribute 'calculate_similarity'
2025-07-06 16:12:50,609 - src.face_recognition.core.face_recognizer - WARNING - SFace alignment failed, falling back to basic resize: OpenCV(4.11.0) :-1: error: (-5:Bad argument) in function 'alignCrop'
> Overload resolution failed:
>  - FaceRecognizerSF.alignCrop() missing required argument 'face_box' (pos 2)
>  - FaceRecognizerSF.alignCrop() missing required argument 'face_box' (pos 2)

2025-07-06 16:12:50,619 - src.face_recognition.core.embedding_recorder - WARNING - Error extracting embedding: 'FaceRecognizer' object has no attribute 'calculate_similarity'
2025-07-06 16:12:50,673 - src.face_recognition.core.face_recognizer - WARNING - SFace alignment failed, falling back to basic resize: OpenCV(4.11.0) :-1: error: (-5:Bad argument) in function 'alignCrop'
> Overload resolution failed:
>  - FaceRecognizerSF.alignCrop() missing required argument 'face_box' (pos 2)
>  - FaceRecognizerSF.alignCrop() missing required argument 'face_box' (pos 2)

2025-07-06 16:12:50,682 - src.face_recognition.core.embedding_recorder - WARNING - Error extracting embedding: 'FaceRecognizer' object has no attribute 'calculate_similarity'
2025-07-06 16:12:50,733 - src.face_recognition.core.face_recognizer - WARNING - SFace alignment failed, falling back to basic resize: OpenCV(4.11.0) :-1: error: (-5:Bad argument) in function 'alignCrop'
> Overload resolution failed:
>  - FaceRecognizerSF.alignCrop() missing required argument 'face_box' (pos 2)
>  - FaceRecognizerSF.alignCrop() missing required argument 'face_box' (pos 2)

2025-07-06 16:12:50,744 - src.face_recognition.core.embedding_recorder - WARNING - Error extracting embedding: 'FaceRecognizer' object has no attribute 'calculate_similarity'
2025-07-06 16:12:50,798 - src.face_recognition.core.face_recognizer - WARNING - SFace alignment failed, falling back to basic resize: OpenCV(4.11.0) :-1: error: (-5:Bad argument) in function 'alignCrop'
> Overload resolution failed:
>  - FaceRecognizerSF.alignCrop() missing required argument 'face_box' (pos 2)
>  - FaceRecognizerSF.alignCrop() missing required argument 'face_box' (pos 2)

2025-07-06 16:12:50,808 - src.face_recognition.core.embedding_recorder - WARNING - Error extracting embedding: 'FaceRecognizer' object has no attribute 'calculate_similarity'
2025-07-06 16:12:50,859 - src.face_recognition.core.face_recognizer - WARNING - SFace alignment failed, falling back to basic resize: OpenCV(4.11.0) :-1: error: (-5:Bad argument) in function 'alignCrop'
> Overload resolution failed:
>  - FaceRecognizerSF.alignCrop() missing required argument 'face_box' (pos 2)
>  - FaceRecognizerSF.alignCrop() missing required argument 'face_box' (pos 2)

2025-07-06 16:12:50,869 - src.face_recognition.core.embedding_recorder - WARNING - Error extracting embedding: 'FaceRecognizer' object has no attribute 'calculate_similarity'
2025-07-06 16:12:50,922 - src.face_recognition.core.face_recognizer - WARNING - SFace alignment failed, falling back to basic resize: OpenCV(4.11.0) :-1: error: (-5:Bad argument) in function 'alignCrop'
> Overload resolution failed:
>  - FaceRecognizerSF.alignCrop() missing required argument 'face_box' (pos 2)
>  - FaceRecognizerSF.alignCrop() missing required argument 'face_box' (pos 2)

2025-07-06 16:12:50,933 - src.face_recognition.core.embedding_recorder - WARNING - Error extracting embedding: 'FaceRecognizer' object has no attribute 'calculate_similarity'
2025-07-06 16:12:50,984 - src.face_recognition.core.face_recognizer - WARNING - SFace alignment failed, falling back to basic resize: OpenCV(4.11.0) :-1: error: (-5:Bad argument) in function 'alignCrop'
> Overload resolution failed:
>  - FaceRecognizerSF.alignCrop() missing required argument 'face_box' (pos 2)
>  - FaceRecognizerSF.alignCrop() missing required argument 'face_box' (pos 2)

2025-07-06 16:12:50,993 - src.face_recognition.core.embedding_recorder - WARNING - Error extracting embedding: 'FaceRecognizer' object has no attribute 'calculate_similarity'
2025-07-06 16:12:51,049 - src.face_recognition.core.face_recognizer - WARNING - SFace alignment failed, falling back to basic resize: OpenCV(4.11.0) :-1: error: (-5:Bad argument) in function 'alignCrop'
> Overload resolution failed:
>  - FaceRecognizerSF.alignCrop() missing required argument 'face_box' (pos 2)
>  - FaceRecognizerSF.alignCrop() missing required argument 'face_box' (pos 2)

2025-07-06 16:12:51,058 - src.face_recognition.core.embedding_recorder - WARNING - Error extracting embedding: 'FaceRecognizer' object has no attribute 'calculate_similarity'
2025-07-06 16:12:51,111 - src.face_recognition.core.face_recognizer - WARNING - SFace alignment failed, falling back to basic resize: OpenCV(4.11.0) :-1: error: (-5:Bad argument) in function 'alignCrop'
> Overload resolution failed:
>  - FaceRecognizerSF.alignCrop() missing required argument 'face_box' (pos 2)
>  - FaceRecognizerSF.alignCrop() missing required argument 'face_box' (pos 2)

2025-07-06 16:12:51,120 - src.face_recognition.core.embedding_recorder - WARNING - Error extracting embedding: 'FaceRecognizer' object has no attribute 'calculate_similarity'
2025-07-06 16:12:51,176 - src.face_recognition.core.face_recognizer - WARNING - SFace alignment failed, falling back to basic resize: OpenCV(4.11.0) :-1: error: (-5:Bad argument) in function 'alignCrop'
> Overload resolution failed:
>  - FaceRecognizerSF.alignCrop() missing required argument 'face_box' (pos 2)
>  - FaceRecognizerSF.alignCrop() missing required argument 'face_box' (pos 2)

2025-07-06 16:12:51,185 - src.face_recognition.core.embedding_recorder - WARNING - Error extracting embedding: 'FaceRecognizer' object has no attribute 'calculate_similarity'
2025-07-06 16:12:51,241 - src.face_recognition.core.face_recognizer - WARNING - SFace alignment failed, falling back to basic resize: OpenCV(4.11.0) :-1: error: (-5:Bad argument) in function 'alignCrop'
> Overload resolution failed:
>  - FaceRecognizerSF.alignCrop() missing required argument 'face_box' (pos 2)
>  - FaceRecognizerSF.alignCrop() missing required argument 'face_box' (pos 2)

2025-07-06 16:12:51,249 - src.face_recognition.core.embedding_recorder - WARNING - Error extracting embedding: 'FaceRecognizer' object has no attribute 'calculate_similarity'
2025-07-06 16:12:51,304 - src.face_recognition.core.face_recognizer - WARNING - SFace alignment failed, falling back to basic resize: OpenCV(4.11.0) :-1: error: (-5:Bad argument) in function 'alignCrop'
> Overload resolution failed:
>  - FaceRecognizerSF.alignCrop() missing required argument 'face_box' (pos 2)
>  - FaceRecognizerSF.alignCrop() missing required argument 'face_box' (pos 2)

2025-07-06 16:12:51,313 - src.face_recognition.core.embedding_recorder - WARNING - Error extracting embedding: 'FaceRecognizer' object has no attribute 'calculate_similarity'
2025-07-06 16:12:51,365 - src.face_recognition.core.face_recognizer - WARNING - SFace alignment failed, falling back to basic resize: OpenCV(4.11.0) :-1: error: (-5:Bad argument) in function 'alignCrop'
> Overload resolution failed:
>  - FaceRecognizerSF.alignCrop() missing required argument 'face_box' (pos 2)
>  - FaceRecognizerSF.alignCrop() missing required argument 'face_box' (pos 2)

2025-07-06 16:12:51,374 - src.face_recognition.core.embedding_recorder - WARNING - Error extracting embedding: 'FaceRecognizer' object has no attribute 'calculate_similarity'
2025-07-06 16:12:51,429 - src.face_recognition.core.face_recognizer - WARNING - SFace alignment failed, falling back to basic resize: OpenCV(4.11.0) :-1: error: (-5:Bad argument) in function 'alignCrop'
> Overload resolution failed:
>  - FaceRecognizerSF.alignCrop() missing required argument 'face_box' (pos 2)
>  - FaceRecognizerSF.alignCrop() missing required argument 'face_box' (pos 2)

2025-07-06 16:12:51,439 - src.face_recognition.core.embedding_recorder - WARNING - Error extracting embedding: 'FaceRecognizer' object has no attribute 'calculate_similarity'
2025-07-06 16:12:51,491 - src.face_recognition.core.face_recognizer - WARNING - SFace alignment failed, falling back to basic resize: OpenCV(4.11.0) :-1: error: (-5:Bad argument) in function 'alignCrop'
> Overload resolution failed:
>  - FaceRecognizerSF.alignCrop() missing required argument 'face_box' (pos 2)
>  - FaceRecognizerSF.alignCrop() missing required argument 'face_box' (pos 2)

2025-07-06 16:12:51,500 - src.face_recognition.core.embedding_recorder - WARNING - Error extracting embedding: 'FaceRecognizer' object has no attribute 'calculate_similarity'
2025-07-06 16:12:51,556 - src.face_recognition.core.face_recognizer - WARNING - SFace alignment failed, falling back to basic resize: OpenCV(4.11.0) :-1: error: (-5:Bad argument) in function 'alignCrop'
> Overload resolution failed:
>  - FaceRecognizerSF.alignCrop() missing required argument 'face_box' (pos 2)
>  - FaceRecognizerSF.alignCrop() missing required argument 'face_box' (pos 2)

2025-07-06 16:12:51,565 - src.face_recognition.core.embedding_recorder - WARNING - Error extracting embedding: 'FaceRecognizer' object has no attribute 'calculate_similarity'
2025-07-06 16:12:51,619 - src.face_recognition.core.face_recognizer - WARNING - SFace alignment failed, falling back to basic resize: OpenCV(4.11.0) :-1: error: (-5:Bad argument) in function 'alignCrop'
> Overload resolution failed:
>  - FaceRecognizerSF.alignCrop() missing required argument 'face_box' (pos 2)
>  - FaceRecognizerSF.alignCrop() missing required argument 'face_box' (pos 2)

2025-07-06 16:12:51,628 - src.face_recognition.core.embedding_recorder - WARNING - Error extracting embedding: 'FaceRecognizer' object has no attribute 'calculate_similarity'
2025-07-06 16:12:51,679 - src.face_recognition.core.face_recognizer - WARNING - SFace alignment failed, falling back to basic resize: OpenCV(4.11.0) :-1: error: (-5:Bad argument) in function 'alignCrop'
> Overload resolution failed:
>  - FaceRecognizerSF.alignCrop() missing required argument 'face_box' (pos 2)
>  - FaceRecognizerSF.alignCrop() missing required argument 'face_box' (pos 2)

2025-07-06 16:12:51,688 - src.face_recognition.core.embedding_recorder - WARNING - Error extracting embedding: 'FaceRecognizer' object has no attribute 'calculate_similarity'
2025-07-06 16:12:51,741 - src.face_recognition.core.face_recognizer - WARNING - SFace alignment failed, falling back to basic resize: OpenCV(4.11.0) :-1: error: (-5:Bad argument) in function 'alignCrop'
> Overload resolution failed:
>  - FaceRecognizerSF.alignCrop() missing required argument 'face_box' (pos 2)
>  - FaceRecognizerSF.alignCrop() missing required argument 'face_box' (pos 2)

2025-07-06 16:12:51,750 - src.face_recognition.core.embedding_recorder - WARNING - Error extracting embedding: 'FaceRecognizer' object has no attribute 'calculate_similarity'
2025-07-06 16:12:51,803 - src.face_recognition.core.face_recognizer - WARNING - SFace alignment failed, falling back to basic resize: OpenCV(4.11.0) :-1: error: (-5:Bad argument) in function 'alignCrop'
> Overload resolution failed:
>  - FaceRecognizerSF.alignCrop() missing required argument 'face_box' (pos 2)
>  - FaceRecognizerSF.alignCrop() missing required argument 'face_box' (pos 2)

2025-07-06 16:12:51,812 - src.face_recognition.core.embedding_recorder - WARNING - Error extracting embedding: 'FaceRecognizer' object has no attribute 'calculate_similarity'
2025-07-06 16:12:51,864 - src.face_recognition.core.face_recognizer - WARNING - SFace alignment failed, falling back to basic resize: OpenCV(4.11.0) :-1: error: (-5:Bad argument) in function 'alignCrop'
> Overload resolution failed:
>  - FaceRecognizerSF.alignCrop() missing required argument 'face_box' (pos 2)
>  - FaceRecognizerSF.alignCrop() missing required argument 'face_box' (pos 2)

2025-07-06 16:12:51,873 - src.face_recognition.core.embedding_recorder - WARNING - Error extracting embedding: 'FaceRecognizer' object has no attribute 'calculate_similarity'
2025-07-06 16:12:51,928 - src.face_recognition.core.face_recognizer - WARNING - SFace alignment failed, falling back to basic resize: OpenCV(4.11.0) :-1: error: (-5:Bad argument) in function 'alignCrop'
> Overload resolution failed:
>  - FaceRecognizerSF.alignCrop() missing required argument 'face_box' (pos 2)
>  - FaceRecognizerSF.alignCrop() missing required argument 'face_box' (pos 2)

2025-07-06 16:12:51,937 - src.face_recognition.core.embedding_recorder - WARNING - Error extracting embedding: 'FaceRecognizer' object has no attribute 'calculate_similarity'
2025-07-06 16:12:51,988 - src.face_recognition.core.face_recognizer - WARNING - SFace alignment failed, falling back to basic resize: OpenCV(4.11.0) :-1: error: (-5:Bad argument) in function 'alignCrop'
> Overload resolution failed:
>  - FaceRecognizerSF.alignCrop() missing required argument 'face_box' (pos 2)
>  - FaceRecognizerSF.alignCrop() missing required argument 'face_box' (pos 2)

2025-07-06 16:12:51,998 - src.face_recognition.core.embedding_recorder - WARNING - Error extracting embedding: 'FaceRecognizer' object has no attribute 'calculate_similarity'
2025-07-06 16:12:52,051 - src.face_recognition.core.face_recognizer - WARNING - SFace alignment failed, falling back to basic resize: OpenCV(4.11.0) :-1: error: (-5:Bad argument) in function 'alignCrop'
> Overload resolution failed:
>  - FaceRecognizerSF.alignCrop() missing required argument 'face_box' (pos 2)
>  - FaceRecognizerSF.alignCrop() missing required argument 'face_box' (pos 2)

2025-07-06 16:12:52,061 - src.face_recognition.core.embedding_recorder - WARNING - Error extracting embedding: 'FaceRecognizer' object has no attribute 'calculate_similarity'
2025-07-06 16:12:52,114 - src.face_recognition.core.face_recognizer - WARNING - SFace alignment failed, falling back to basic resize: OpenCV(4.11.0) :-1: error: (-5:Bad argument) in function 'alignCrop'
> Overload resolution failed:
>  - FaceRecognizerSF.alignCrop() missing required argument 'face_box' (pos 2)
>  - FaceRecognizerSF.alignCrop() missing required argument 'face_box' (pos 2)

2025-07-06 16:12:52,124 - src.face_recognition.core.embedding_recorder - WARNING - Error extracting embedding: 'FaceRecognizer' object has no attribute 'calculate_similarity'
2025-07-06 16:12:52,178 - src.face_recognition.core.face_recognizer - WARNING - SFace alignment failed, falling back to basic resize: OpenCV(4.11.0) :-1: error: (-5:Bad argument) in function 'alignCrop'
> Overload resolution failed:
>  - FaceRecognizerSF.alignCrop() missing required argument 'face_box' (pos 2)
>  - FaceRecognizerSF.alignCrop() missing required argument 'face_box' (pos 2)

2025-07-06 16:12:52,188 - src.face_recognition.core.embedding_recorder - WARNING - Error extracting embedding: 'FaceRecognizer' object has no attribute 'calculate_similarity'
2025-07-06 16:12:52,240 - src.face_recognition.core.face_recognizer - WARNING - SFace alignment failed, falling back to basic resize: OpenCV(4.11.0) :-1: error: (-5:Bad argument) in function 'alignCrop'
> Overload resolution failed:
>  - FaceRecognizerSF.alignCrop() missing required argument 'face_box' (pos 2)
>  - FaceRecognizerSF.alignCrop() missing required argument 'face_box' (pos 2)

2025-07-06 16:12:52,250 - src.face_recognition.core.embedding_recorder - WARNING - Error extracting embedding: 'FaceRecognizer' object has no attribute 'calculate_similarity'
2025-07-06 16:12:52,303 - src.face_recognition.core.face_recognizer - WARNING - SFace alignment failed, falling back to basic resize: OpenCV(4.11.0) :-1: error: (-5:Bad argument) in function 'alignCrop'
> Overload resolution failed:
>  - FaceRecognizerSF.alignCrop() missing required argument 'face_box' (pos 2)
>  - FaceRecognizerSF.alignCrop() missing required argument 'face_box' (pos 2)

2025-07-06 16:12:52,313 - src.face_recognition.core.embedding_recorder - WARNING - Error extracting embedding: 'FaceRecognizer' object has no attribute 'calculate_similarity'
2025-07-06 16:12:52,366 - src.face_recognition.core.face_recognizer - WARNING - SFace alignment failed, falling back to basic resize: OpenCV(4.11.0) :-1: error: (-5:Bad argument) in function 'alignCrop'
> Overload resolution failed:
>  - FaceRecognizerSF.alignCrop() missing required argument 'face_box' (pos 2)
>  - FaceRecognizerSF.alignCrop() missing required argument 'face_box' (pos 2)

2025-07-06 16:12:52,378 - src.face_recognition.core.embedding_recorder - WARNING - Error extracting embedding: 'FaceRecognizer' object has no attribute 'calculate_similarity'
2025-07-06 16:12:52,437 - src.face_recognition.core.face_recognizer - WARNING - SFace alignment failed, falling back to basic resize: OpenCV(4.11.0) :-1: error: (-5:Bad argument) in function 'alignCrop'
> Overload resolution failed:
>  - FaceRecognizerSF.alignCrop() missing required argument 'face_box' (pos 2)
>  - FaceRecognizerSF.alignCrop() missing required argument 'face_box' (pos 2)

2025-07-06 16:12:52,449 - src.face_recognition.core.embedding_recorder - WARNING - Error extracting embedding: 'FaceRecognizer' object has no attribute 'calculate_similarity'
2025-07-06 16:12:52,505 - src.face_recognition.core.face_recognizer - WARNING - SFace alignment failed, falling back to basic resize: OpenCV(4.11.0) :-1: error: (-5:Bad argument) in function 'alignCrop'
> Overload resolution failed:
>  - FaceRecognizerSF.alignCrop() missing required argument 'face_box' (pos 2)
>  - FaceRecognizerSF.alignCrop() missing required argument 'face_box' (pos 2)

2025-07-06 16:12:52,515 - src.face_recognition.core.embedding_recorder - WARNING - Error extracting embedding: 'FaceRecognizer' object has no attribute 'calculate_similarity'
2025-07-06 16:12:52,569 - src.face_recognition.core.face_recognizer - WARNING - SFace alignment failed, falling back to basic resize: OpenCV(4.11.0) :-1: error: (-5:Bad argument) in function 'alignCrop'
> Overload resolution failed:
>  - FaceRecognizerSF.alignCrop() missing required argument 'face_box' (pos 2)
>  - FaceRecognizerSF.alignCrop() missing required argument 'face_box' (pos 2)

2025-07-06 16:12:52,580 - src.face_recognition.core.embedding_recorder - WARNING - Error extracting embedding: 'FaceRecognizer' object has no attribute 'calculate_similarity'
2025-07-06 16:12:52,633 - src.face_recognition.core.face_recognizer - WARNING - SFace alignment failed, falling back to basic resize: OpenCV(4.11.0) :-1: error: (-5:Bad argument) in function 'alignCrop'
> Overload resolution failed:
>  - FaceRecognizerSF.alignCrop() missing required argument 'face_box' (pos 2)
>  - FaceRecognizerSF.alignCrop() missing required argument 'face_box' (pos 2)

2025-07-06 16:12:52,643 - src.face_recognition.core.embedding_recorder - WARNING - Error extracting embedding: 'FaceRecognizer' object has no attribute 'calculate_similarity'
2025-07-06 16:12:52,695 - src.face_recognition.core.face_recognizer - WARNING - SFace alignment failed, falling back to basic resize: OpenCV(4.11.0) :-1: error: (-5:Bad argument) in function 'alignCrop'
> Overload resolution failed:
>  - FaceRecognizerSF.alignCrop() missing required argument 'face_box' (pos 2)
>  - FaceRecognizerSF.alignCrop() missing required argument 'face_box' (pos 2)

2025-07-06 16:12:52,705 - src.face_recognition.core.embedding_recorder - WARNING - Error extracting embedding: 'FaceRecognizer' object has no attribute 'calculate_similarity'
2025-07-06 16:12:52,757 - src.face_recognition.core.face_recognizer - WARNING - SFace alignment failed, falling back to basic resize: OpenCV(4.11.0) :-1: error: (-5:Bad argument) in function 'alignCrop'
> Overload resolution failed:
>  - FaceRecognizerSF.alignCrop() missing required argument 'face_box' (pos 2)
>  - FaceRecognizerSF.alignCrop() missing required argument 'face_box' (pos 2)

2025-07-06 16:12:52,767 - src.face_recognition.core.embedding_recorder - WARNING - Error extracting embedding: 'FaceRecognizer' object has no attribute 'calculate_similarity'
2025-07-06 16:12:52,820 - src.face_recognition.core.face_recognizer - WARNING - SFace alignment failed, falling back to basic resize: OpenCV(4.11.0) :-1: error: (-5:Bad argument) in function 'alignCrop'
> Overload resolution failed:
>  - FaceRecognizerSF.alignCrop() missing required argument 'face_box' (pos 2)
>  - FaceRecognizerSF.alignCrop() missing required argument 'face_box' (pos 2)

2025-07-06 16:12:52,830 - src.face_recognition.core.embedding_recorder - WARNING - Error extracting embedding: 'FaceRecognizer' object has no attribute 'calculate_similarity'
2025-07-06 16:12:52,884 - src.face_recognition.core.face_recognizer - WARNING - SFace alignment failed, falling back to basic resize: OpenCV(4.11.0) :-1: error: (-5:Bad argument) in function 'alignCrop'
> Overload resolution failed:
>  - FaceRecognizerSF.alignCrop() missing required argument 'face_box' (pos 2)
>  - FaceRecognizerSF.alignCrop() missing required argument 'face_box' (pos 2)

2025-07-06 16:12:52,894 - src.face_recognition.core.embedding_recorder - WARNING - Error extracting embedding: 'FaceRecognizer' object has no attribute 'calculate_similarity'
2025-07-06 16:12:52,949 - src.face_recognition.core.face_recognizer - WARNING - SFace alignment failed, falling back to basic resize: OpenCV(4.11.0) :-1: error: (-5:Bad argument) in function 'alignCrop'
> Overload resolution failed:
>  - FaceRecognizerSF.alignCrop() missing required argument 'face_box' (pos 2)
>  - FaceRecognizerSF.alignCrop() missing required argument 'face_box' (pos 2)

2025-07-06 16:12:52,959 - src.face_recognition.core.embedding_recorder - WARNING - Error extracting embedding: 'FaceRecognizer' object has no attribute 'calculate_similarity'
2025-07-06 16:12:53,014 - src.face_recognition.core.face_recognizer - WARNING - SFace alignment failed, falling back to basic resize: OpenCV(4.11.0) :-1: error: (-5:Bad argument) in function 'alignCrop'
> Overload resolution failed:
>  - FaceRecognizerSF.alignCrop() missing required argument 'face_box' (pos 2)
>  - FaceRecognizerSF.alignCrop() missing required argument 'face_box' (pos 2)

2025-07-06 16:12:53,022 - src.face_recognition.core.embedding_recorder - WARNING - Error extracting embedding: 'FaceRecognizer' object has no attribute 'calculate_similarity'
2025-07-06 16:12:53,076 - src.face_recognition.core.face_recognizer - WARNING - SFace alignment failed, falling back to basic resize: OpenCV(4.11.0) :-1: error: (-5:Bad argument) in function 'alignCrop'
> Overload resolution failed:
>  - FaceRecognizerSF.alignCrop() missing required argument 'face_box' (pos 2)
>  - FaceRecognizerSF.alignCrop() missing required argument 'face_box' (pos 2)

2025-07-06 16:12:53,084 - src.face_recognition.core.embedding_recorder - WARNING - Error extracting embedding: 'FaceRecognizer' object has no attribute 'calculate_similarity'
2025-07-06 16:12:53,135 - src.face_recognition.core.face_recognizer - WARNING - SFace alignment failed, falling back to basic resize: OpenCV(4.11.0) :-1: error: (-5:Bad argument) in function 'alignCrop'
> Overload resolution failed:
>  - FaceRecognizerSF.alignCrop() missing required argument 'face_box' (pos 2)
>  - FaceRecognizerSF.alignCrop() missing required argument 'face_box' (pos 2)

2025-07-06 16:12:53,145 - src.face_recognition.core.embedding_recorder - WARNING - Error extracting embedding: 'FaceRecognizer' object has no attribute 'calculate_similarity'
2025-07-06 16:12:53,199 - src.face_recognition.core.face_recognizer - WARNING - SFace alignment failed, falling back to basic resize: OpenCV(4.11.0) :-1: error: (-5:Bad argument) in function 'alignCrop'
> Overload resolution failed:
>  - FaceRecognizerSF.alignCrop() missing required argument 'face_box' (pos 2)
>  - FaceRecognizerSF.alignCrop() missing required argument 'face_box' (pos 2)

2025-07-06 16:12:53,210 - src.face_recognition.core.embedding_recorder - WARNING - Error extracting embedding: 'FaceRecognizer' object has no attribute 'calculate_similarity'
2025-07-06 16:12:53,262 - src.face_recognition.core.face_recognizer - WARNING - SFace alignment failed, falling back to basic resize: OpenCV(4.11.0) :-1: error: (-5:Bad argument) in function 'alignCrop'
> Overload resolution failed:
>  - FaceRecognizerSF.alignCrop() missing required argument 'face_box' (pos 2)
>  - FaceRecognizerSF.alignCrop() missing required argument 'face_box' (pos 2)

2025-07-06 16:12:53,273 - src.face_recognition.core.embedding_recorder - WARNING - Error extracting embedding: 'FaceRecognizer' object has no attribute 'calculate_similarity'
2025-07-06 16:12:53,328 - src.face_recognition.core.face_recognizer - WARNING - SFace alignment failed, falling back to basic resize: OpenCV(4.11.0) :-1: error: (-5:Bad argument) in function 'alignCrop'
> Overload resolution failed:
>  - FaceRecognizerSF.alignCrop() missing required argument 'face_box' (pos 2)
>  - FaceRecognizerSF.alignCrop() missing required argument 'face_box' (pos 2)

2025-07-06 16:12:53,338 - src.face_recognition.core.embedding_recorder - WARNING - Error extracting embedding: 'FaceRecognizer' object has no attribute 'calculate_similarity'
2025-07-06 16:12:53,391 - src.face_recognition.core.face_recognizer - WARNING - SFace alignment failed, falling back to basic resize: OpenCV(4.11.0) :-1: error: (-5:Bad argument) in function 'alignCrop'
> Overload resolution failed:
>  - FaceRecognizerSF.alignCrop() missing required argument 'face_box' (pos 2)
>  - FaceRecognizerSF.alignCrop() missing required argument 'face_box' (pos 2)

2025-07-06 16:12:53,401 - src.face_recognition.core.embedding_recorder - WARNING - Error extracting embedding: 'FaceRecognizer' object has no attribute 'calculate_similarity'
2025-07-06 16:12:53,453 - src.face_recognition.core.face_recognizer - WARNING - SFace alignment failed, falling back to basic resize: OpenCV(4.11.0) :-1: error: (-5:Bad argument) in function 'alignCrop'
> Overload resolution failed:
>  - FaceRecognizerSF.alignCrop() missing required argument 'face_box' (pos 2)
>  - FaceRecognizerSF.alignCrop() missing required argument 'face_box' (pos 2)

2025-07-06 16:12:53,463 - src.face_recognition.core.embedding_recorder - WARNING - Error extracting embedding: 'FaceRecognizer' object has no attribute 'calculate_similarity'
2025-07-06 16:12:53,515 - src.face_recognition.core.face_recognizer - WARNING - SFace alignment failed, falling back to basic resize: OpenCV(4.11.0) :-1: error: (-5:Bad argument) in function 'alignCrop'
> Overload resolution failed:
>  - FaceRecognizerSF.alignCrop() missing required argument 'face_box' (pos 2)
>  - FaceRecognizerSF.alignCrop() missing required argument 'face_box' (pos 2)

2025-07-06 16:12:53,525 - src.face_recognition.core.embedding_recorder - WARNING - Error extracting embedding: 'FaceRecognizer' object has no attribute 'calculate_similarity'
2025-07-06 16:12:53,579 - src.face_recognition.core.face_recognizer - WARNING - SFace alignment failed, falling back to basic resize: OpenCV(4.11.0) :-1: error: (-5:Bad argument) in function 'alignCrop'
> Overload resolution failed:
>  - FaceRecognizerSF.alignCrop() missing required argument 'face_box' (pos 2)
>  - FaceRecognizerSF.alignCrop() missing required argument 'face_box' (pos 2)

2025-07-06 16:12:53,588 - src.face_recognition.core.embedding_recorder - WARNING - Error extracting embedding: 'FaceRecognizer' object has no attribute 'calculate_similarity'
2025-07-06 16:12:53,641 - src.face_recognition.core.face_recognizer - WARNING - SFace alignment failed, falling back to basic resize: OpenCV(4.11.0) :-1: error: (-5:Bad argument) in function 'alignCrop'
> Overload resolution failed:
>  - FaceRecognizerSF.alignCrop() missing required argument 'face_box' (pos 2)
>  - FaceRecognizerSF.alignCrop() missing required argument 'face_box' (pos 2)

2025-07-06 16:12:53,650 - src.face_recognition.core.embedding_recorder - WARNING - Error extracting embedding: 'FaceRecognizer' object has no attribute 'calculate_similarity'
2025-07-06 16:12:53,702 - src.face_recognition.core.face_recognizer - WARNING - SFace alignment failed, falling back to basic resize: OpenCV(4.11.0) :-1: error: (-5:Bad argument) in function 'alignCrop'
> Overload resolution failed:
>  - FaceRecognizerSF.alignCrop() missing required argument 'face_box' (pos 2)
>  - FaceRecognizerSF.alignCrop() missing required argument 'face_box' (pos 2)

2025-07-06 16:12:53,712 - src.face_recognition.core.embedding_recorder - WARNING - Error extracting embedding: 'FaceRecognizer' object has no attribute 'calculate_similarity'
2025-07-06 16:12:53,767 - src.face_recognition.core.face_recognizer - WARNING - SFace alignment failed, falling back to basic resize: OpenCV(4.11.0) :-1: error: (-5:Bad argument) in function 'alignCrop'
> Overload resolution failed:
>  - FaceRecognizerSF.alignCrop() missing required argument 'face_box' (pos 2)
>  - FaceRecognizerSF.alignCrop() missing required argument 'face_box' (pos 2)

2025-07-06 16:12:53,777 - src.face_recognition.core.embedding_recorder - WARNING - Error extracting embedding: 'FaceRecognizer' object has no attribute 'calculate_similarity'
2025-07-06 16:12:53,831 - src.face_recognition.core.face_recognizer - WARNING - SFace alignment failed, falling back to basic resize: OpenCV(4.11.0) :-1: error: (-5:Bad argument) in function 'alignCrop'
> Overload resolution failed:
>  - FaceRecognizerSF.alignCrop() missing required argument 'face_box' (pos 2)
>  - FaceRecognizerSF.alignCrop() missing required argument 'face_box' (pos 2)

2025-07-06 16:12:53,840 - src.face_recognition.core.embedding_recorder - WARNING - Error extracting embedding: 'FaceRecognizer' object has no attribute 'calculate_similarity'
2025-07-06 16:12:53,894 - src.face_recognition.core.face_recognizer - WARNING - SFace alignment failed, falling back to basic resize: OpenCV(4.11.0) :-1: error: (-5:Bad argument) in function 'alignCrop'
> Overload resolution failed:
>  - FaceRecognizerSF.alignCrop() missing required argument 'face_box' (pos 2)
>  - FaceRecognizerSF.alignCrop() missing required argument 'face_box' (pos 2)

2025-07-06 16:12:53,903 - src.face_recognition.core.embedding_recorder - WARNING - Error extracting embedding: 'FaceRecognizer' object has no attribute 'calculate_similarity'
2025-07-06 16:12:53,955 - src.face_recognition.core.face_recognizer - WARNING - SFace alignment failed, falling back to basic resize: OpenCV(4.11.0) :-1: error: (-5:Bad argument) in function 'alignCrop'
> Overload resolution failed:
>  - FaceRecognizerSF.alignCrop() missing required argument 'face_box' (pos 2)
>  - FaceRecognizerSF.alignCrop() missing required argument 'face_box' (pos 2)

2025-07-06 16:12:53,965 - src.face_recognition.core.embedding_recorder - WARNING - Error extracting embedding: 'FaceRecognizer' object has no attribute 'calculate_similarity'
2025-07-06 16:12:54,019 - src.face_recognition.core.face_recognizer - WARNING - SFace alignment failed, falling back to basic resize: OpenCV(4.11.0) :-1: error: (-5:Bad argument) in function 'alignCrop'
> Overload resolution failed:
>  - FaceRecognizerSF.alignCrop() missing required argument 'face_box' (pos 2)
>  - FaceRecognizerSF.alignCrop() missing required argument 'face_box' (pos 2)

2025-07-06 16:12:54,027 - src.face_recognition.core.embedding_recorder - WARNING - Error extracting embedding: 'FaceRecognizer' object has no attribute 'calculate_similarity'
2025-07-06 16:12:54,079 - src.face_recognition.core.face_recognizer - WARNING - SFace alignment failed, falling back to basic resize: OpenCV(4.11.0) :-1: error: (-5:Bad argument) in function 'alignCrop'
> Overload resolution failed:
>  - FaceRecognizerSF.alignCrop() missing required argument 'face_box' (pos 2)
>  - FaceRecognizerSF.alignCrop() missing required argument 'face_box' (pos 2)

2025-07-06 16:12:54,089 - src.face_recognition.core.embedding_recorder - WARNING - Error extracting embedding: 'FaceRecognizer' object has no attribute 'calculate_similarity'
2025-07-06 16:12:54,143 - src.face_recognition.core.face_recognizer - WARNING - SFace alignment failed, falling back to basic resize: OpenCV(4.11.0) :-1: error: (-5:Bad argument) in function 'alignCrop'
> Overload resolution failed:
>  - FaceRecognizerSF.alignCrop() missing required argument 'face_box' (pos 2)
>  - FaceRecognizerSF.alignCrop() missing required argument 'face_box' (pos 2)

2025-07-06 16:12:54,153 - src.face_recognition.core.embedding_recorder - WARNING - Error extracting embedding: 'FaceRecognizer' object has no attribute 'calculate_similarity'
2025-07-06 16:12:54,205 - src.face_recognition.core.face_recognizer - WARNING - SFace alignment failed, falling back to basic resize: OpenCV(4.11.0) :-1: error: (-5:Bad argument) in function 'alignCrop'
> Overload resolution failed:
>  - FaceRecognizerSF.alignCrop() missing required argument 'face_box' (pos 2)
>  - FaceRecognizerSF.alignCrop() missing required argument 'face_box' (pos 2)

2025-07-06 16:12:54,215 - src.face_recognition.core.embedding_recorder - WARNING - Error extracting embedding: 'FaceRecognizer' object has no attribute 'calculate_similarity'
2025-07-06 16:12:54,267 - src.face_recognition.core.face_recognizer - WARNING - SFace alignment failed, falling back to basic resize: OpenCV(4.11.0) :-1: error: (-5:Bad argument) in function 'alignCrop'
> Overload resolution failed:
>  - FaceRecognizerSF.alignCrop() missing required argument 'face_box' (pos 2)
>  - FaceRecognizerSF.alignCrop() missing required argument 'face_box' (pos 2)

2025-07-06 16:12:54,278 - src.face_recognition.core.embedding_recorder - WARNING - Error extracting embedding: 'FaceRecognizer' object has no attribute 'calculate_similarity'
2025-07-06 16:12:54,331 - src.face_recognition.core.face_recognizer - WARNING - SFace alignment failed, falling back to basic resize: OpenCV(4.11.0) :-1: error: (-5:Bad argument) in function 'alignCrop'
> Overload resolution failed:
>  - FaceRecognizerSF.alignCrop() missing required argument 'face_box' (pos 2)
>  - FaceRecognizerSF.alignCrop() missing required argument 'face_box' (pos 2)

2025-07-06 16:12:54,341 - src.face_recognition.core.embedding_recorder - WARNING - Error extracting embedding: 'FaceRecognizer' object has no attribute 'calculate_similarity'
2025-07-06 16:12:54,395 - src.face_recognition.core.face_recognizer - WARNING - SFace alignment failed, falling back to basic resize: OpenCV(4.11.0) :-1: error: (-5:Bad argument) in function 'alignCrop'
> Overload resolution failed:
>  - FaceRecognizerSF.alignCrop() missing required argument 'face_box' (pos 2)
>  - FaceRecognizerSF.alignCrop() missing required argument 'face_box' (pos 2)

2025-07-06 16:12:54,404 - src.face_recognition.core.embedding_recorder - WARNING - Error extracting embedding: 'FaceRecognizer' object has no attribute 'calculate_similarity'
2025-07-06 16:12:54,458 - src.face_recognition.core.face_recognizer - WARNING - SFace alignment failed, falling back to basic resize: OpenCV(4.11.0) :-1: error: (-5:Bad argument) in function 'alignCrop'
> Overload resolution failed:
>  - FaceRecognizerSF.alignCrop() missing required argument 'face_box' (pos 2)
>  - FaceRecognizerSF.alignCrop() missing required argument 'face_box' (pos 2)

2025-07-06 16:12:54,469 - src.face_recognition.core.embedding_recorder - WARNING - Error extracting embedding: 'FaceRecognizer' object has no attribute 'calculate_similarity'
2025-07-06 16:12:54,521 - src.face_recognition.core.face_recognizer - WARNING - SFace alignment failed, falling back to basic resize: OpenCV(4.11.0) :-1: error: (-5:Bad argument) in function 'alignCrop'
> Overload resolution failed:
>  - FaceRecognizerSF.alignCrop() missing required argument 'face_box' (pos 2)
>  - FaceRecognizerSF.alignCrop() missing required argument 'face_box' (pos 2)

2025-07-06 16:12:54,531 - src.face_recognition.core.embedding_recorder - WARNING - Error extracting embedding: 'FaceRecognizer' object has no attribute 'calculate_similarity'
2025-07-06 16:12:54,583 - src.face_recognition.core.face_recognizer - WARNING - SFace alignment failed, falling back to basic resize: OpenCV(4.11.0) :-1: error: (-5:Bad argument) in function 'alignCrop'
> Overload resolution failed:
>  - FaceRecognizerSF.alignCrop() missing required argument 'face_box' (pos 2)
>  - FaceRecognizerSF.alignCrop() missing required argument 'face_box' (pos 2)

2025-07-06 16:12:54,592 - src.face_recognition.core.embedding_recorder - WARNING - Error extracting embedding: 'FaceRecognizer' object has no attribute 'calculate_similarity'
2025-07-06 16:12:54,645 - src.face_recognition.core.face_recognizer - WARNING - SFace alignment failed, falling back to basic resize: OpenCV(4.11.0) :-1: error: (-5:Bad argument) in function 'alignCrop'
> Overload resolution failed:
>  - FaceRecognizerSF.alignCrop() missing required argument 'face_box' (pos 2)
>  - FaceRecognizerSF.alignCrop() missing required argument 'face_box' (pos 2)

2025-07-06 16:12:54,654 - src.face_recognition.core.embedding_recorder - WARNING - Error extracting embedding: 'FaceRecognizer' object has no attribute 'calculate_similarity'
2025-07-06 16:12:54,706 - src.face_recognition.core.face_recognizer - WARNING - SFace alignment failed, falling back to basic resize: OpenCV(4.11.0) :-1: error: (-5:Bad argument) in function 'alignCrop'
> Overload resolution failed:
>  - FaceRecognizerSF.alignCrop() missing required argument 'face_box' (pos 2)
>  - FaceRecognizerSF.alignCrop() missing required argument 'face_box' (pos 2)

2025-07-06 16:12:54,715 - src.face_recognition.core.embedding_recorder - WARNING - Error extracting embedding: 'FaceRecognizer' object has no attribute 'calculate_similarity'
2025-07-06 16:12:54,769 - src.face_recognition.core.face_recognizer - WARNING - SFace alignment failed, falling back to basic resize: OpenCV(4.11.0) :-1: error: (-5:Bad argument) in function 'alignCrop'
> Overload resolution failed:
>  - FaceRecognizerSF.alignCrop() missing required argument 'face_box' (pos 2)
>  - FaceRecognizerSF.alignCrop() missing required argument 'face_box' (pos 2)

2025-07-06 16:12:54,778 - src.face_recognition.core.embedding_recorder - WARNING - Error extracting embedding: 'FaceRecognizer' object has no attribute 'calculate_similarity'
2025-07-06 16:12:54,830 - src.face_recognition.core.face_recognizer - WARNING - SFace alignment failed, falling back to basic resize: OpenCV(4.11.0) :-1: error: (-5:Bad argument) in function 'alignCrop'
> Overload resolution failed:
>  - FaceRecognizerSF.alignCrop() missing required argument 'face_box' (pos 2)
>  - FaceRecognizerSF.alignCrop() missing required argument 'face_box' (pos 2)

2025-07-06 16:12:54,841 - src.face_recognition.core.embedding_recorder - WARNING - Error extracting embedding: 'FaceRecognizer' object has no attribute 'calculate_similarity'
2025-07-06 16:12:54,895 - src.face_recognition.core.face_recognizer - WARNING - SFace alignment failed, falling back to basic resize: OpenCV(4.11.0) :-1: error: (-5:Bad argument) in function 'alignCrop'
> Overload resolution failed:
>  - FaceRecognizerSF.alignCrop() missing required argument 'face_box' (pos 2)
>  - FaceRecognizerSF.alignCrop() missing required argument 'face_box' (pos 2)

2025-07-06 16:12:54,906 - src.face_recognition.core.embedding_recorder - WARNING - Error extracting embedding: 'FaceRecognizer' object has no attribute 'calculate_similarity'
2025-07-06 16:12:54,959 - src.face_recognition.core.face_recognizer - WARNING - SFace alignment failed, falling back to basic resize: OpenCV(4.11.0) :-1: error: (-5:Bad argument) in function 'alignCrop'
> Overload resolution failed:
>  - FaceRecognizerSF.alignCrop() missing required argument 'face_box' (pos 2)
>  - FaceRecognizerSF.alignCrop() missing required argument 'face_box' (pos 2)

2025-07-06 16:12:54,969 - src.face_recognition.core.embedding_recorder - WARNING - Error extracting embedding: 'FaceRecognizer' object has no attribute 'calculate_similarity'
2025-07-06 16:12:55,023 - src.face_recognition.core.face_recognizer - WARNING - SFace alignment failed, falling back to basic resize: OpenCV(4.11.0) :-1: error: (-5:Bad argument) in function 'alignCrop'
> Overload resolution failed:
>  - FaceRecognizerSF.alignCrop() missing required argument 'face_box' (pos 2)
>  - FaceRecognizerSF.alignCrop() missing required argument 'face_box' (pos 2)

2025-07-06 16:12:55,033 - src.face_recognition.core.embedding_recorder - WARNING - Error extracting embedding: 'FaceRecognizer' object has no attribute 'calculate_similarity'
2025-07-06 16:12:55,087 - src.face_recognition.core.face_recognizer - WARNING - SFace alignment failed, falling back to basic resize: OpenCV(4.11.0) :-1: error: (-5:Bad argument) in function 'alignCrop'
> Overload resolution failed:
>  - FaceRecognizerSF.alignCrop() missing required argument 'face_box' (pos 2)
>  - FaceRecognizerSF.alignCrop() missing required argument 'face_box' (pos 2)

2025-07-06 16:12:55,097 - src.face_recognition.core.embedding_recorder - WARNING - Error extracting embedding: 'FaceRecognizer' object has no attribute 'calculate_similarity'
2025-07-06 16:12:55,151 - src.face_recognition.core.face_recognizer - WARNING - SFace alignment failed, falling back to basic resize: OpenCV(4.11.0) :-1: error: (-5:Bad argument) in function 'alignCrop'
> Overload resolution failed:
>  - FaceRecognizerSF.alignCrop() missing required argument 'face_box' (pos 2)
>  - FaceRecognizerSF.alignCrop() missing required argument 'face_box' (pos 2)

2025-07-06 16:12:55,162 - src.face_recognition.core.embedding_recorder - WARNING - Error extracting embedding: 'FaceRecognizer' object has no attribute 'calculate_similarity'
2025-07-06 16:12:55,217 - src.face_recognition.core.face_recognizer - WARNING - SFace alignment failed, falling back to basic resize: OpenCV(4.11.0) :-1: error: (-5:Bad argument) in function 'alignCrop'
> Overload resolution failed:
>  - FaceRecognizerSF.alignCrop() missing required argument 'face_box' (pos 2)
>  - FaceRecognizerSF.alignCrop() missing required argument 'face_box' (pos 2)

2025-07-06 16:12:55,226 - src.face_recognition.core.embedding_recorder - WARNING - Error extracting embedding: 'FaceRecognizer' object has no attribute 'calculate_similarity'
2025-07-06 16:12:55,280 - src.face_recognition.core.face_recognizer - WARNING - SFace alignment failed, falling back to basic resize: OpenCV(4.11.0) :-1: error: (-5:Bad argument) in function 'alignCrop'
> Overload resolution failed:
>  - FaceRecognizerSF.alignCrop() missing required argument 'face_box' (pos 2)
>  - FaceRecognizerSF.alignCrop() missing required argument 'face_box' (pos 2)

2025-07-06 16:12:55,289 - src.face_recognition.core.embedding_recorder - WARNING - Error extracting embedding: 'FaceRecognizer' object has no attribute 'calculate_similarity'
2025-07-06 16:12:55,603 - src.face_recognition.core.face_recognizer - WARNING - SFace alignment failed, falling back to basic resize: OpenCV(4.11.0) :-1: error: (-5:Bad argument) in function 'alignCrop'
> Overload resolution failed:
>  - FaceRecognizerSF.alignCrop() missing required argument 'face_box' (pos 2)
>  - FaceRecognizerSF.alignCrop() missing required argument 'face_box' (pos 2)

2025-07-06 16:12:55,613 - src.face_recognition.core.embedding_recorder - WARNING - Error extracting embedding: 'FaceRecognizer' object has no attribute 'calculate_similarity'
2025-07-06 16:12:55,665 - src.face_recognition.core.face_recognizer - WARNING - SFace alignment failed, falling back to basic resize: OpenCV(4.11.0) :-1: error: (-5:Bad argument) in function 'alignCrop'
> Overload resolution failed:
>  - FaceRecognizerSF.alignCrop() missing required argument 'face_box' (pos 2)
>  - FaceRecognizerSF.alignCrop() missing required argument 'face_box' (pos 2)

2025-07-06 16:12:55,674 - src.face_recognition.core.embedding_recorder - WARNING - Error extracting embedding: 'FaceRecognizer' object has no attribute 'calculate_similarity'
2025-07-06 16:12:55,728 - src.face_recognition.core.face_recognizer - WARNING - SFace alignment failed, falling back to basic resize: OpenCV(4.11.0) :-1: error: (-5:Bad argument) in function 'alignCrop'
> Overload resolution failed:
>  - FaceRecognizerSF.alignCrop() missing required argument 'face_box' (pos 2)
>  - FaceRecognizerSF.alignCrop() missing required argument 'face_box' (pos 2)

2025-07-06 16:12:55,737 - src.face_recognition.core.embedding_recorder - WARNING - Error extracting embedding: 'FaceRecognizer' object has no attribute 'calculate_similarity'
2025-07-06 16:12:55,789 - src.face_recognition.core.face_recognizer - WARNING - SFace alignment failed, falling back to basic resize: OpenCV(4.11.0) :-1: error: (-5:Bad argument) in function 'alignCrop'
> Overload resolution failed:
>  - FaceRecognizerSF.alignCrop() missing required argument 'face_box' (pos 2)
>  - FaceRecognizerSF.alignCrop() missing required argument 'face_box' (pos 2)

2025-07-06 16:12:55,800 - src.face_recognition.core.embedding_recorder - WARNING - Error extracting embedding: 'FaceRecognizer' object has no attribute 'calculate_similarity'
2025-07-06 16:12:55,852 - src.face_recognition.core.face_recognizer - WARNING - SFace alignment failed, falling back to basic resize: OpenCV(4.11.0) :-1: error: (-5:Bad argument) in function 'alignCrop'
> Overload resolution failed:
>  - FaceRecognizerSF.alignCrop() missing required argument 'face_box' (pos 2)
>  - FaceRecognizerSF.alignCrop() missing required argument 'face_box' (pos 2)

2025-07-06 16:12:55,862 - src.face_recognition.core.embedding_recorder - WARNING - Error extracting embedding: 'FaceRecognizer' object has no attribute 'calculate_similarity'
2025-07-06 16:12:55,915 - src.face_recognition.core.face_recognizer - WARNING - SFace alignment failed, falling back to basic resize: OpenCV(4.11.0) :-1: error: (-5:Bad argument) in function 'alignCrop'
> Overload resolution failed:
>  - FaceRecognizerSF.alignCrop() missing required argument 'face_box' (pos 2)
>  - FaceRecognizerSF.alignCrop() missing required argument 'face_box' (pos 2)

2025-07-06 16:12:55,925 - src.face_recognition.core.embedding_recorder - WARNING - Error extracting embedding: 'FaceRecognizer' object has no attribute 'calculate_similarity'
2025-07-06 16:12:55,979 - src.face_recognition.core.face_recognizer - WARNING - SFace alignment failed, falling back to basic resize: OpenCV(4.11.0) :-1: error: (-5:Bad argument) in function 'alignCrop'
> Overload resolution failed:
>  - FaceRecognizerSF.alignCrop() missing required argument 'face_box' (pos 2)
>  - FaceRecognizerSF.alignCrop() missing required argument 'face_box' (pos 2)

2025-07-06 16:12:55,988 - src.face_recognition.core.embedding_recorder - WARNING - Error extracting embedding: 'FaceRecognizer' object has no attribute 'calculate_similarity'
2025-07-06 16:12:56,043 - src.face_recognition.core.face_recognizer - WARNING - SFace alignment failed, falling back to basic resize: OpenCV(4.11.0) :-1: error: (-5:Bad argument) in function 'alignCrop'
> Overload resolution failed:
>  - FaceRecognizerSF.alignCrop() missing required argument 'face_box' (pos 2)
>  - FaceRecognizerSF.alignCrop() missing required argument 'face_box' (pos 2)

2025-07-06 16:12:56,052 - src.face_recognition.core.embedding_recorder - WARNING - Error extracting embedding: 'FaceRecognizer' object has no attribute 'calculate_similarity'
2025-07-06 16:12:56,106 - src.face_recognition.core.face_recognizer - WARNING - SFace alignment failed, falling back to basic resize: OpenCV(4.11.0) :-1: error: (-5:Bad argument) in function 'alignCrop'
> Overload resolution failed:
>  - FaceRecognizerSF.alignCrop() missing required argument 'face_box' (pos 2)
>  - FaceRecognizerSF.alignCrop() missing required argument 'face_box' (pos 2)

2025-07-06 16:12:56,115 - src.face_recognition.core.embedding_recorder - WARNING - Error extracting embedding: 'FaceRecognizer' object has no attribute 'calculate_similarity'
2025-07-06 16:12:56,167 - src.face_recognition.core.face_recognizer - WARNING - SFace alignment failed, falling back to basic resize: OpenCV(4.11.0) :-1: error: (-5:Bad argument) in function 'alignCrop'
> Overload resolution failed:
>  - FaceRecognizerSF.alignCrop() missing required argument 'face_box' (pos 2)
>  - FaceRecognizerSF.alignCrop() missing required argument 'face_box' (pos 2)

2025-07-06 16:12:56,178 - src.face_recognition.core.embedding_recorder - WARNING - Error extracting embedding: 'FaceRecognizer' object has no attribute 'calculate_similarity'
2025-07-06 16:12:56,230 - src.face_recognition.core.face_recognizer - WARNING - SFace alignment failed, falling back to basic resize: OpenCV(4.11.0) :-1: error: (-5:Bad argument) in function 'alignCrop'
> Overload resolution failed:
>  - FaceRecognizerSF.alignCrop() missing required argument 'face_box' (pos 2)
>  - FaceRecognizerSF.alignCrop() missing required argument 'face_box' (pos 2)

2025-07-06 16:12:56,240 - src.face_recognition.core.embedding_recorder - WARNING - Error extracting embedding: 'FaceRecognizer' object has no attribute 'calculate_similarity'
2025-07-06 16:12:56,293 - src.face_recognition.core.face_recognizer - WARNING - SFace alignment failed, falling back to basic resize: OpenCV(4.11.0) :-1: error: (-5:Bad argument) in function 'alignCrop'
> Overload resolution failed:
>  - FaceRecognizerSF.alignCrop() missing required argument 'face_box' (pos 2)
>  - FaceRecognizerSF.alignCrop() missing required argument 'face_box' (pos 2)

2025-07-06 16:12:56,302 - src.face_recognition.core.embedding_recorder - WARNING - Error extracting embedding: 'FaceRecognizer' object has no attribute 'calculate_similarity'
2025-07-06 16:12:56,355 - src.face_recognition.core.face_recognizer - WARNING - SFace alignment failed, falling back to basic resize: OpenCV(4.11.0) :-1: error: (-5:Bad argument) in function 'alignCrop'
> Overload resolution failed:
>  - FaceRecognizerSF.alignCrop() missing required argument 'face_box' (pos 2)
>  - FaceRecognizerSF.alignCrop() missing required argument 'face_box' (pos 2)

2025-07-06 16:12:56,365 - src.face_recognition.core.embedding_recorder - WARNING - Error extracting embedding: 'FaceRecognizer' object has no attribute 'calculate_similarity'
2025-07-06 16:12:56,417 - src.face_recognition.core.face_recognizer - WARNING - SFace alignment failed, falling back to basic resize: OpenCV(4.11.0) :-1: error: (-5:Bad argument) in function 'alignCrop'
> Overload resolution failed:
>  - FaceRecognizerSF.alignCrop() missing required argument 'face_box' (pos 2)
>  - FaceRecognizerSF.alignCrop() missing required argument 'face_box' (pos 2)

2025-07-06 16:12:56,427 - src.face_recognition.core.embedding_recorder - WARNING - Error extracting embedding: 'FaceRecognizer' object has no attribute 'calculate_similarity'
2025-07-06 16:12:56,478 - src.face_recognition.core.face_recognizer - WARNING - SFace alignment failed, falling back to basic resize: OpenCV(4.11.0) :-1: error: (-5:Bad argument) in function 'alignCrop'
> Overload resolution failed:
>  - FaceRecognizerSF.alignCrop() missing required argument 'face_box' (pos 2)
>  - FaceRecognizerSF.alignCrop() missing required argument 'face_box' (pos 2)

2025-07-06 16:12:56,489 - src.face_recognition.core.embedding_recorder - WARNING - Error extracting embedding: 'FaceRecognizer' object has no attribute 'calculate_similarity'
2025-07-06 16:12:56,543 - src.face_recognition.core.face_recognizer - WARNING - SFace alignment failed, falling back to basic resize: OpenCV(4.11.0) :-1: error: (-5:Bad argument) in function 'alignCrop'
> Overload resolution failed:
>  - FaceRecognizerSF.alignCrop() missing required argument 'face_box' (pos 2)
>  - FaceRecognizerSF.alignCrop() missing required argument 'face_box' (pos 2)

2025-07-06 16:12:56,552 - src.face_recognition.core.embedding_recorder - WARNING - Error extracting embedding: 'FaceRecognizer' object has no attribute 'calculate_similarity'
2025-07-06 16:12:56,606 - src.face_recognition.core.face_recognizer - WARNING - SFace alignment failed, falling back to basic resize: OpenCV(4.11.0) :-1: error: (-5:Bad argument) in function 'alignCrop'
> Overload resolution failed:
>  - FaceRecognizerSF.alignCrop() missing required argument 'face_box' (pos 2)
>  - FaceRecognizerSF.alignCrop() missing required argument 'face_box' (pos 2)

2025-07-06 16:12:56,615 - src.face_recognition.core.embedding_recorder - WARNING - Error extracting embedding: 'FaceRecognizer' object has no attribute 'calculate_similarity'
2025-07-06 16:12:56,667 - src.face_recognition.core.face_recognizer - WARNING - SFace alignment failed, falling back to basic resize: OpenCV(4.11.0) :-1: error: (-5:Bad argument) in function 'alignCrop'
> Overload resolution failed:
>  - FaceRecognizerSF.alignCrop() missing required argument 'face_box' (pos 2)
>  - FaceRecognizerSF.alignCrop() missing required argument 'face_box' (pos 2)

2025-07-06 16:12:56,678 - src.face_recognition.core.embedding_recorder - WARNING - Error extracting embedding: 'FaceRecognizer' object has no attribute 'calculate_similarity'
2025-07-06 16:12:56,729 - src.face_recognition.core.face_recognizer - WARNING - SFace alignment failed, falling back to basic resize: OpenCV(4.11.0) :-1: error: (-5:Bad argument) in function 'alignCrop'
> Overload resolution failed:
>  - FaceRecognizerSF.alignCrop() missing required argument 'face_box' (pos 2)
>  - FaceRecognizerSF.alignCrop() missing required argument 'face_box' (pos 2)

2025-07-06 16:12:56,740 - src.face_recognition.core.embedding_recorder - WARNING - Error extracting embedding: 'FaceRecognizer' object has no attribute 'calculate_similarity'
2025-07-06 16:12:56,793 - src.face_recognition.core.face_recognizer - WARNING - SFace alignment failed, falling back to basic resize: OpenCV(4.11.0) :-1: error: (-5:Bad argument) in function 'alignCrop'
> Overload resolution failed:
>  - FaceRecognizerSF.alignCrop() missing required argument 'face_box' (pos 2)
>  - FaceRecognizerSF.alignCrop() missing required argument 'face_box' (pos 2)

2025-07-06 16:12:56,804 - src.face_recognition.core.embedding_recorder - WARNING - Error extracting embedding: 'FaceRecognizer' object has no attribute 'calculate_similarity'
2025-07-06 16:12:56,859 - src.face_recognition.core.face_recognizer - WARNING - SFace alignment failed, falling back to basic resize: OpenCV(4.11.0) :-1: error: (-5:Bad argument) in function 'alignCrop'
> Overload resolution failed:
>  - FaceRecognizerSF.alignCrop() missing required argument 'face_box' (pos 2)
>  - FaceRecognizerSF.alignCrop() missing required argument 'face_box' (pos 2)

2025-07-06 16:12:56,868 - src.face_recognition.core.embedding_recorder - WARNING - Error extracting embedding: 'FaceRecognizer' object has no attribute 'calculate_similarity'
2025-07-06 16:12:56,920 - src.face_recognition.core.face_recognizer - WARNING - SFace alignment failed, falling back to basic resize: OpenCV(4.11.0) :-1: error: (-5:Bad argument) in function 'alignCrop'
> Overload resolution failed:
>  - FaceRecognizerSF.alignCrop() missing required argument 'face_box' (pos 2)
>  - FaceRecognizerSF.alignCrop() missing required argument 'face_box' (pos 2)

2025-07-06 16:12:56,929 - src.face_recognition.core.embedding_recorder - WARNING - Error extracting embedding: 'FaceRecognizer' object has no attribute 'calculate_similarity'
2025-07-06 16:12:56,980 - src.face_recognition.core.face_recognizer - WARNING - SFace alignment failed, falling back to basic resize: OpenCV(4.11.0) :-1: error: (-5:Bad argument) in function 'alignCrop'
> Overload resolution failed:
>  - FaceRecognizerSF.alignCrop() missing required argument 'face_box' (pos 2)
>  - FaceRecognizerSF.alignCrop() missing required argument 'face_box' (pos 2)

2025-07-06 16:12:56,990 - src.face_recognition.core.embedding_recorder - WARNING - Error extracting embedding: 'FaceRecognizer' object has no attribute 'calculate_similarity'
2025-07-06 16:12:57,044 - src.face_recognition.core.face_recognizer - WARNING - SFace alignment failed, falling back to basic resize: OpenCV(4.11.0) :-1: error: (-5:Bad argument) in function 'alignCrop'
> Overload resolution failed:
>  - FaceRecognizerSF.alignCrop() missing required argument 'face_box' (pos 2)
>  - FaceRecognizerSF.alignCrop() missing required argument 'face_box' (pos 2)

2025-07-06 16:12:57,055 - src.face_recognition.core.embedding_recorder - WARNING - Error extracting embedding: 'FaceRecognizer' object has no attribute 'calculate_similarity'
2025-07-06 16:12:57,109 - src.face_recognition.core.face_recognizer - WARNING - SFace alignment failed, falling back to basic resize: OpenCV(4.11.0) :-1: error: (-5:Bad argument) in function 'alignCrop'
> Overload resolution failed:
>  - FaceRecognizerSF.alignCrop() missing required argument 'face_box' (pos 2)
>  - FaceRecognizerSF.alignCrop() missing required argument 'face_box' (pos 2)

2025-07-06 16:12:57,119 - src.face_recognition.core.embedding_recorder - WARNING - Error extracting embedding: 'FaceRecognizer' object has no attribute 'calculate_similarity'
2025-07-06 16:12:57,172 - src.face_recognition.core.face_recognizer - WARNING - SFace alignment failed, falling back to basic resize: OpenCV(4.11.0) :-1: error: (-5:Bad argument) in function 'alignCrop'
> Overload resolution failed:
>  - FaceRecognizerSF.alignCrop() missing required argument 'face_box' (pos 2)
>  - FaceRecognizerSF.alignCrop() missing required argument 'face_box' (pos 2)

2025-07-06 16:12:57,181 - src.face_recognition.core.embedding_recorder - WARNING - Error extracting embedding: 'FaceRecognizer' object has no attribute 'calculate_similarity'
2025-07-06 16:12:57,235 - src.face_recognition.core.face_recognizer - WARNING - SFace alignment failed, falling back to basic resize: OpenCV(4.11.0) :-1: error: (-5:Bad argument) in function 'alignCrop'
> Overload resolution failed:
>  - FaceRecognizerSF.alignCrop() missing required argument 'face_box' (pos 2)
>  - FaceRecognizerSF.alignCrop() missing required argument 'face_box' (pos 2)

2025-07-06 16:12:57,243 - src.face_recognition.core.embedding_recorder - WARNING - Error extracting embedding: 'FaceRecognizer' object has no attribute 'calculate_similarity'
2025-07-06 16:12:57,295 - src.face_recognition.core.face_recognizer - WARNING - SFace alignment failed, falling back to basic resize: OpenCV(4.11.0) :-1: error: (-5:Bad argument) in function 'alignCrop'
> Overload resolution failed:
>  - FaceRecognizerSF.alignCrop() missing required argument 'face_box' (pos 2)
>  - FaceRecognizerSF.alignCrop() missing required argument 'face_box' (pos 2)

2025-07-06 16:12:57,305 - src.face_recognition.core.embedding_recorder - WARNING - Error extracting embedding: 'FaceRecognizer' object has no attribute 'calculate_similarity'
2025-07-06 16:12:57,357 - src.face_recognition.core.face_recognizer - WARNING - SFace alignment failed, falling back to basic resize: OpenCV(4.11.0) :-1: error: (-5:Bad argument) in function 'alignCrop'
> Overload resolution failed:
>  - FaceRecognizerSF.alignCrop() missing required argument 'face_box' (pos 2)
>  - FaceRecognizerSF.alignCrop() missing required argument 'face_box' (pos 2)

2025-07-06 16:12:57,367 - src.face_recognition.core.embedding_recorder - WARNING - Error extracting embedding: 'FaceRecognizer' object has no attribute 'calculate_similarity'
2025-07-06 16:12:57,419 - src.face_recognition.core.face_recognizer - WARNING - SFace alignment failed, falling back to basic resize: OpenCV(4.11.0) :-1: error: (-5:Bad argument) in function 'alignCrop'
> Overload resolution failed:
>  - FaceRecognizerSF.alignCrop() missing required argument 'face_box' (pos 2)
>  - FaceRecognizerSF.alignCrop() missing required argument 'face_box' (pos 2)

2025-07-06 16:12:57,429 - src.face_recognition.core.embedding_recorder - WARNING - Error extracting embedding: 'FaceRecognizer' object has no attribute 'calculate_similarity'
2025-07-06 16:12:57,485 - src.face_recognition.core.face_recognizer - WARNING - SFace alignment failed, falling back to basic resize: OpenCV(4.11.0) :-1: error: (-5:Bad argument) in function 'alignCrop'
> Overload resolution failed:
>  - FaceRecognizerSF.alignCrop() missing required argument 'face_box' (pos 2)
>  - FaceRecognizerSF.alignCrop() missing required argument 'face_box' (pos 2)

2025-07-06 16:12:57,496 - src.face_recognition.core.embedding_recorder - WARNING - Error extracting embedding: 'FaceRecognizer' object has no attribute 'calculate_similarity'
2025-07-06 16:12:57,547 - src.face_recognition.core.face_recognizer - WARNING - SFace alignment failed, falling back to basic resize: OpenCV(4.11.0) :-1: error: (-5:Bad argument) in function 'alignCrop'
> Overload resolution failed:
>  - FaceRecognizerSF.alignCrop() missing required argument 'face_box' (pos 2)
>  - FaceRecognizerSF.alignCrop() missing required argument 'face_box' (pos 2)

2025-07-06 16:12:57,556 - src.face_recognition.core.embedding_recorder - WARNING - Error extracting embedding: 'FaceRecognizer' object has no attribute 'calculate_similarity'
2025-07-06 16:12:57,608 - src.face_recognition.core.face_recognizer - WARNING - SFace alignment failed, falling back to basic resize: OpenCV(4.11.0) :-1: error: (-5:Bad argument) in function 'alignCrop'
> Overload resolution failed:
>  - FaceRecognizerSF.alignCrop() missing required argument 'face_box' (pos 2)
>  - FaceRecognizerSF.alignCrop() missing required argument 'face_box' (pos 2)

2025-07-06 16:12:57,618 - src.face_recognition.core.embedding_recorder - WARNING - Error extracting embedding: 'FaceRecognizer' object has no attribute 'calculate_similarity'
2025-07-06 16:12:57,672 - src.face_recognition.core.face_recognizer - WARNING - SFace alignment failed, falling back to basic resize: OpenCV(4.11.0) :-1: error: (-5:Bad argument) in function 'alignCrop'
> Overload resolution failed:
>  - FaceRecognizerSF.alignCrop() missing required argument 'face_box' (pos 2)
>  - FaceRecognizerSF.alignCrop() missing required argument 'face_box' (pos 2)

2025-07-06 16:12:57,683 - src.face_recognition.core.embedding_recorder - WARNING - Error extracting embedding: 'FaceRecognizer' object has no attribute 'calculate_similarity'
2025-07-06 16:12:57,737 - src.face_recognition.core.face_recognizer - WARNING - SFace alignment failed, falling back to basic resize: OpenCV(4.11.0) :-1: error: (-5:Bad argument) in function 'alignCrop'
> Overload resolution failed:
>  - FaceRecognizerSF.alignCrop() missing required argument 'face_box' (pos 2)
>  - FaceRecognizerSF.alignCrop() missing required argument 'face_box' (pos 2)

2025-07-06 16:12:57,746 - src.face_recognition.core.embedding_recorder - WARNING - Error extracting embedding: 'FaceRecognizer' object has no attribute 'calculate_similarity'
2025-07-06 16:12:57,800 - src.face_recognition.core.face_recognizer - WARNING - SFace alignment failed, falling back to basic resize: OpenCV(4.11.0) :-1: error: (-5:Bad argument) in function 'alignCrop'
> Overload resolution failed:
>  - FaceRecognizerSF.alignCrop() missing required argument 'face_box' (pos 2)
>  - FaceRecognizerSF.alignCrop() missing required argument 'face_box' (pos 2)

2025-07-06 16:12:57,809 - src.face_recognition.core.embedding_recorder - WARNING - Error extracting embedding: 'FaceRecognizer' object has no attribute 'calculate_similarity'
2025-07-06 16:12:57,866 - src.face_recognition.core.face_recognizer - WARNING - SFace alignment failed, falling back to basic resize: OpenCV(4.11.0) :-1: error: (-5:Bad argument) in function 'alignCrop'
> Overload resolution failed:
>  - FaceRecognizerSF.alignCrop() missing required argument 'face_box' (pos 2)
>  - FaceRecognizerSF.alignCrop() missing required argument 'face_box' (pos 2)

2025-07-06 16:12:57,876 - src.face_recognition.core.embedding_recorder - WARNING - Error extracting embedding: 'FaceRecognizer' object has no attribute 'calculate_similarity'
2025-07-06 16:12:57,929 - src.face_recognition.core.face_recognizer - WARNING - SFace alignment failed, falling back to basic resize: OpenCV(4.11.0) :-1: error: (-5:Bad argument) in function 'alignCrop'
> Overload resolution failed:
>  - FaceRecognizerSF.alignCrop() missing required argument 'face_box' (pos 2)
>  - FaceRecognizerSF.alignCrop() missing required argument 'face_box' (pos 2)

2025-07-06 16:12:57,938 - src.face_recognition.core.embedding_recorder - WARNING - Error extracting embedding: 'FaceRecognizer' object has no attribute 'calculate_similarity'
2025-07-06 16:12:57,991 - src.face_recognition.core.face_recognizer - WARNING - SFace alignment failed, falling back to basic resize: OpenCV(4.11.0) :-1: error: (-5:Bad argument) in function 'alignCrop'
> Overload resolution failed:
>  - FaceRecognizerSF.alignCrop() missing required argument 'face_box' (pos 2)
>  - FaceRecognizerSF.alignCrop() missing required argument 'face_box' (pos 2)

2025-07-06 16:12:58,000 - src.face_recognition.core.embedding_recorder - WARNING - Error extracting embedding: 'FaceRecognizer' object has no attribute 'calculate_similarity'
2025-07-06 16:12:58,052 - src.face_recognition.core.face_recognizer - WARNING - SFace alignment failed, falling back to basic resize: OpenCV(4.11.0) :-1: error: (-5:Bad argument) in function 'alignCrop'
> Overload resolution failed:
>  - FaceRecognizerSF.alignCrop() missing required argument 'face_box' (pos 2)
>  - FaceRecognizerSF.alignCrop() missing required argument 'face_box' (pos 2)

2025-07-06 16:12:58,061 - src.face_recognition.core.embedding_recorder - WARNING - Error extracting embedding: 'FaceRecognizer' object has no attribute 'calculate_similarity'
2025-07-06 16:12:58,116 - src.face_recognition.core.face_recognizer - WARNING - SFace alignment failed, falling back to basic resize: OpenCV(4.11.0) :-1: error: (-5:Bad argument) in function 'alignCrop'
> Overload resolution failed:
>  - FaceRecognizerSF.alignCrop() missing required argument 'face_box' (pos 2)
>  - FaceRecognizerSF.alignCrop() missing required argument 'face_box' (pos 2)

2025-07-06 16:12:58,125 - src.face_recognition.core.embedding_recorder - WARNING - Error extracting embedding: 'FaceRecognizer' object has no attribute 'calculate_similarity'
2025-07-06 16:12:58,179 - src.face_recognition.core.face_recognizer - WARNING - SFace alignment failed, falling back to basic resize: OpenCV(4.11.0) :-1: error: (-5:Bad argument) in function 'alignCrop'
> Overload resolution failed:
>  - FaceRecognizerSF.alignCrop() missing required argument 'face_box' (pos 2)
>  - FaceRecognizerSF.alignCrop() missing required argument 'face_box' (pos 2)

2025-07-06 16:12:58,188 - src.face_recognition.core.embedding_recorder - WARNING - Error extracting embedding: 'FaceRecognizer' object has no attribute 'calculate_similarity'
2025-07-06 16:12:58,241 - src.face_recognition.core.face_recognizer - WARNING - SFace alignment failed, falling back to basic resize: OpenCV(4.11.0) :-1: error: (-5:Bad argument) in function 'alignCrop'
> Overload resolution failed:
>  - FaceRecognizerSF.alignCrop() missing required argument 'face_box' (pos 2)
>  - FaceRecognizerSF.alignCrop() missing required argument 'face_box' (pos 2)

2025-07-06 16:12:58,250 - src.face_recognition.core.embedding_recorder - WARNING - Error extracting embedding: 'FaceRecognizer' object has no attribute 'calculate_similarity'
2025-07-06 16:12:58,304 - src.face_recognition.core.face_recognizer - WARNING - SFace alignment failed, falling back to basic resize: OpenCV(4.11.0) :-1: error: (-5:Bad argument) in function 'alignCrop'
> Overload resolution failed:
>  - FaceRecognizerSF.alignCrop() missing required argument 'face_box' (pos 2)
>  - FaceRecognizerSF.alignCrop() missing required argument 'face_box' (pos 2)

2025-07-06 16:12:58,313 - src.face_recognition.core.embedding_recorder - WARNING - Error extracting embedding: 'FaceRecognizer' object has no attribute 'calculate_similarity'
2025-07-06 16:12:58,366 - src.face_recognition.core.face_recognizer - WARNING - SFace alignment failed, falling back to basic resize: OpenCV(4.11.0) :-1: error: (-5:Bad argument) in function 'alignCrop'
> Overload resolution failed:
>  - FaceRecognizerSF.alignCrop() missing required argument 'face_box' (pos 2)
>  - FaceRecognizerSF.alignCrop() missing required argument 'face_box' (pos 2)

2025-07-06 16:12:58,376 - src.face_recognition.core.embedding_recorder - WARNING - Error extracting embedding: 'FaceRecognizer' object has no attribute 'calculate_similarity'
2025-07-06 16:12:58,427 - src.face_recognition.core.face_recognizer - WARNING - SFace alignment failed, falling back to basic resize: OpenCV(4.11.0) :-1: error: (-5:Bad argument) in function 'alignCrop'
> Overload resolution failed:
>  - FaceRecognizerSF.alignCrop() missing required argument 'face_box' (pos 2)
>  - FaceRecognizerSF.alignCrop() missing required argument 'face_box' (pos 2)

2025-07-06 16:12:58,437 - src.face_recognition.core.embedding_recorder - WARNING - Error extracting embedding: 'FaceRecognizer' object has no attribute 'calculate_similarity'
2025-07-06 16:12:58,490 - src.face_recognition.core.face_recognizer - WARNING - SFace alignment failed, falling back to basic resize: OpenCV(4.11.0) :-1: error: (-5:Bad argument) in function 'alignCrop'
> Overload resolution failed:
>  - FaceRecognizerSF.alignCrop() missing required argument 'face_box' (pos 2)
>  - FaceRecognizerSF.alignCrop() missing required argument 'face_box' (pos 2)

2025-07-06 16:12:58,500 - src.face_recognition.core.embedding_recorder - WARNING - Error extracting embedding: 'FaceRecognizer' object has no attribute 'calculate_similarity'
2025-07-06 16:12:58,551 - src.face_recognition.core.face_recognizer - WARNING - SFace alignment failed, falling back to basic resize: OpenCV(4.11.0) :-1: error: (-5:Bad argument) in function 'alignCrop'
> Overload resolution failed:
>  - FaceRecognizerSF.alignCrop() missing required argument 'face_box' (pos 2)
>  - FaceRecognizerSF.alignCrop() missing required argument 'face_box' (pos 2)

2025-07-06 16:12:58,561 - src.face_recognition.core.embedding_recorder - WARNING - Error extracting embedding: 'FaceRecognizer' object has no attribute 'calculate_similarity'
2025-07-06 16:12:58,616 - src.face_recognition.core.face_recognizer - WARNING - SFace alignment failed, falling back to basic resize: OpenCV(4.11.0) :-1: error: (-5:Bad argument) in function 'alignCrop'
> Overload resolution failed:
>  - FaceRecognizerSF.alignCrop() missing required argument 'face_box' (pos 2)
>  - FaceRecognizerSF.alignCrop() missing required argument 'face_box' (pos 2)

2025-07-06 16:12:58,625 - src.face_recognition.core.embedding_recorder - WARNING - Error extracting embedding: 'FaceRecognizer' object has no attribute 'calculate_similarity'
2025-07-06 16:12:58,678 - src.face_recognition.core.face_recognizer - WARNING - SFace alignment failed, falling back to basic resize: OpenCV(4.11.0) :-1: error: (-5:Bad argument) in function 'alignCrop'
> Overload resolution failed:
>  - FaceRecognizerSF.alignCrop() missing required argument 'face_box' (pos 2)
>  - FaceRecognizerSF.alignCrop() missing required argument 'face_box' (pos 2)

2025-07-06 16:12:58,687 - src.face_recognition.core.embedding_recorder - WARNING - Error extracting embedding: 'FaceRecognizer' object has no attribute 'calculate_similarity'
2025-07-06 16:12:58,740 - src.face_recognition.core.face_recognizer - WARNING - SFace alignment failed, falling back to basic resize: OpenCV(4.11.0) :-1: error: (-5:Bad argument) in function 'alignCrop'
> Overload resolution failed:
>  - FaceRecognizerSF.alignCrop() missing required argument 'face_box' (pos 2)
>  - FaceRecognizerSF.alignCrop() missing required argument 'face_box' (pos 2)

2025-07-06 16:12:58,750 - src.face_recognition.core.embedding_recorder - WARNING - Error extracting embedding: 'FaceRecognizer' object has no attribute 'calculate_similarity'
2025-07-06 16:12:58,804 - src.face_recognition.core.face_recognizer - WARNING - SFace alignment failed, falling back to basic resize: OpenCV(4.11.0) :-1: error: (-5:Bad argument) in function 'alignCrop'
> Overload resolution failed:
>  - FaceRecognizerSF.alignCrop() missing required argument 'face_box' (pos 2)
>  - FaceRecognizerSF.alignCrop() missing required argument 'face_box' (pos 2)

2025-07-06 16:12:58,813 - src.face_recognition.core.embedding_recorder - WARNING - Error extracting embedding: 'FaceRecognizer' object has no attribute 'calculate_similarity'
2025-07-06 16:12:58,866 - src.face_recognition.core.face_recognizer - WARNING - SFace alignment failed, falling back to basic resize: OpenCV(4.11.0) :-1: error: (-5:Bad argument) in function 'alignCrop'
> Overload resolution failed:
>  - FaceRecognizerSF.alignCrop() missing required argument 'face_box' (pos 2)
>  - FaceRecognizerSF.alignCrop() missing required argument 'face_box' (pos 2)

2025-07-06 16:12:58,876 - src.face_recognition.core.embedding_recorder - WARNING - Error extracting embedding: 'FaceRecognizer' object has no attribute 'calculate_similarity'
2025-07-06 16:12:58,929 - src.face_recognition.core.face_recognizer - WARNING - SFace alignment failed, falling back to basic resize: OpenCV(4.11.0) :-1: error: (-5:Bad argument) in function 'alignCrop'
> Overload resolution failed:
>  - FaceRecognizerSF.alignCrop() missing required argument 'face_box' (pos 2)
>  - FaceRecognizerSF.alignCrop() missing required argument 'face_box' (pos 2)

2025-07-06 16:12:58,938 - src.face_recognition.core.embedding_recorder - WARNING - Error extracting embedding: 'FaceRecognizer' object has no attribute 'calculate_similarity'
2025-07-06 16:12:58,992 - src.face_recognition.core.face_recognizer - WARNING - SFace alignment failed, falling back to basic resize: OpenCV(4.11.0) :-1: error: (-5:Bad argument) in function 'alignCrop'
> Overload resolution failed:
>  - FaceRecognizerSF.alignCrop() missing required argument 'face_box' (pos 2)
>  - FaceRecognizerSF.alignCrop() missing required argument 'face_box' (pos 2)

2025-07-06 16:12:59,003 - src.face_recognition.core.embedding_recorder - WARNING - Error extracting embedding: 'FaceRecognizer' object has no attribute 'calculate_similarity'
2025-07-06 16:12:59,057 - src.face_recognition.core.face_recognizer - WARNING - SFace alignment failed, falling back to basic resize: OpenCV(4.11.0) :-1: error: (-5:Bad argument) in function 'alignCrop'
> Overload resolution failed:
>  - FaceRecognizerSF.alignCrop() missing required argument 'face_box' (pos 2)
>  - FaceRecognizerSF.alignCrop() missing required argument 'face_box' (pos 2)

2025-07-06 16:12:59,067 - src.face_recognition.core.embedding_recorder - WARNING - Error extracting embedding: 'FaceRecognizer' object has no attribute 'calculate_similarity'
2025-07-06 16:12:59,119 - src.face_recognition.core.face_recognizer - WARNING - SFace alignment failed, falling back to basic resize: OpenCV(4.11.0) :-1: error: (-5:Bad argument) in function 'alignCrop'
> Overload resolution failed:
>  - FaceRecognizerSF.alignCrop() missing required argument 'face_box' (pos 2)
>  - FaceRecognizerSF.alignCrop() missing required argument 'face_box' (pos 2)

2025-07-06 16:12:59,129 - src.face_recognition.core.embedding_recorder - WARNING - Error extracting embedding: 'FaceRecognizer' object has no attribute 'calculate_similarity'
2025-07-06 16:12:59,182 - src.face_recognition.core.face_recognizer - WARNING - SFace alignment failed, falling back to basic resize: OpenCV(4.11.0) :-1: error: (-5:Bad argument) in function 'alignCrop'
> Overload resolution failed:
>  - FaceRecognizerSF.alignCrop() missing required argument 'face_box' (pos 2)
>  - FaceRecognizerSF.alignCrop() missing required argument 'face_box' (pos 2)

2025-07-06 16:12:59,193 - src.face_recognition.core.embedding_recorder - WARNING - Error extracting embedding: 'FaceRecognizer' object has no attribute 'calculate_similarity'
2025-07-06 16:12:59,248 - src.face_recognition.core.face_recognizer - WARNING - SFace alignment failed, falling back to basic resize: OpenCV(4.11.0) :-1: error: (-5:Bad argument) in function 'alignCrop'
> Overload resolution failed:
>  - FaceRecognizerSF.alignCrop() missing required argument 'face_box' (pos 2)
>  - FaceRecognizerSF.alignCrop() missing required argument 'face_box' (pos 2)

2025-07-06 16:12:59,258 - src.face_recognition.core.embedding_recorder - WARNING - Error extracting embedding: 'FaceRecognizer' object has no attribute 'calculate_similarity'
2025-07-06 16:12:59,312 - src.face_recognition.core.face_recognizer - WARNING - SFace alignment failed, falling back to basic resize: OpenCV(4.11.0) :-1: error: (-5:Bad argument) in function 'alignCrop'
> Overload resolution failed:
>  - FaceRecognizerSF.alignCrop() missing required argument 'face_box' (pos 2)
>  - FaceRecognizerSF.alignCrop() missing required argument 'face_box' (pos 2)

2025-07-06 16:12:59,322 - src.face_recognition.core.embedding_recorder - WARNING - Error extracting embedding: 'FaceRecognizer' object has no attribute 'calculate_similarity'
2025-07-06 16:12:59,373 - src.face_recognition.core.face_recognizer - WARNING - SFace alignment failed, falling back to basic resize: OpenCV(4.11.0) :-1: error: (-5:Bad argument) in function 'alignCrop'
> Overload resolution failed:
>  - FaceRecognizerSF.alignCrop() missing required argument 'face_box' (pos 2)
>  - FaceRecognizerSF.alignCrop() missing required argument 'face_box' (pos 2)

2025-07-06 16:12:59,383 - src.face_recognition.core.embedding_recorder - WARNING - Error extracting embedding: 'FaceRecognizer' object has no attribute 'calculate_similarity'
2025-07-06 16:12:59,437 - src.face_recognition.core.face_recognizer - WARNING - SFace alignment failed, falling back to basic resize: OpenCV(4.11.0) :-1: error: (-5:Bad argument) in function 'alignCrop'
> Overload resolution failed:
>  - FaceRecognizerSF.alignCrop() missing required argument 'face_box' (pos 2)
>  - FaceRecognizerSF.alignCrop() missing required argument 'face_box' (pos 2)

2025-07-06 16:12:59,447 - src.face_recognition.core.embedding_recorder - WARNING - Error extracting embedding: 'FaceRecognizer' object has no attribute 'calculate_similarity'
2025-07-06 16:12:59,501 - src.face_recognition.core.face_recognizer - WARNING - SFace alignment failed, falling back to basic resize: OpenCV(4.11.0) :-1: error: (-5:Bad argument) in function 'alignCrop'
> Overload resolution failed:
>  - FaceRecognizerSF.alignCrop() missing required argument 'face_box' (pos 2)
>  - FaceRecognizerSF.alignCrop() missing required argument 'face_box' (pos 2)

2025-07-06 16:12:59,512 - src.face_recognition.core.embedding_recorder - WARNING - Error extracting embedding: 'FaceRecognizer' object has no attribute 'calculate_similarity'
2025-07-06 16:12:59,566 - src.face_recognition.core.face_recognizer - WARNING - SFace alignment failed, falling back to basic resize: OpenCV(4.11.0) :-1: error: (-5:Bad argument) in function 'alignCrop'
> Overload resolution failed:
>  - FaceRecognizerSF.alignCrop() missing required argument 'face_box' (pos 2)
>  - FaceRecognizerSF.alignCrop() missing required argument 'face_box' (pos 2)

2025-07-06 16:12:59,577 - src.face_recognition.core.embedding_recorder - WARNING - Error extracting embedding: 'FaceRecognizer' object has no attribute 'calculate_similarity'
2025-07-06 16:12:59,630 - src.face_recognition.core.face_recognizer - WARNING - SFace alignment failed, falling back to basic resize: OpenCV(4.11.0) :-1: error: (-5:Bad argument) in function 'alignCrop'
> Overload resolution failed:
>  - FaceRecognizerSF.alignCrop() missing required argument 'face_box' (pos 2)
>  - FaceRecognizerSF.alignCrop() missing required argument 'face_box' (pos 2)

2025-07-06 16:12:59,640 - src.face_recognition.core.embedding_recorder - WARNING - Error extracting embedding: 'FaceRecognizer' object has no attribute 'calculate_similarity'
2025-07-06 16:12:59,693 - src.face_recognition.core.face_recognizer - WARNING - SFace alignment failed, falling back to basic resize: OpenCV(4.11.0) :-1: error: (-5:Bad argument) in function 'alignCrop'
> Overload resolution failed:
>  - FaceRecognizerSF.alignCrop() missing required argument 'face_box' (pos 2)
>  - FaceRecognizerSF.alignCrop() missing required argument 'face_box' (pos 2)

2025-07-06 16:12:59,703 - src.face_recognition.core.embedding_recorder - WARNING - Error extracting embedding: 'FaceRecognizer' object has no attribute 'calculate_similarity'
2025-07-06 16:12:59,755 - src.face_recognition.core.face_recognizer - WARNING - SFace alignment failed, falling back to basic resize: OpenCV(4.11.0) :-1: error: (-5:Bad argument) in function 'alignCrop'
> Overload resolution failed:
>  - FaceRecognizerSF.alignCrop() missing required argument 'face_box' (pos 2)
>  - FaceRecognizerSF.alignCrop() missing required argument 'face_box' (pos 2)

2025-07-06 16:12:59,765 - src.face_recognition.core.embedding_recorder - WARNING - Error extracting embedding: 'FaceRecognizer' object has no attribute 'calculate_similarity'
2025-07-06 16:12:59,821 - src.face_recognition.core.face_recognizer - WARNING - SFace alignment failed, falling back to basic resize: OpenCV(4.11.0) :-1: error: (-5:Bad argument) in function 'alignCrop'
> Overload resolution failed:
>  - FaceRecognizerSF.alignCrop() missing required argument 'face_box' (pos 2)
>  - FaceRecognizerSF.alignCrop() missing required argument 'face_box' (pos 2)

2025-07-06 16:12:59,831 - src.face_recognition.core.embedding_recorder - WARNING - Error extracting embedding: 'FaceRecognizer' object has no attribute 'calculate_similarity'
2025-07-06 16:12:59,887 - src.face_recognition.core.face_recognizer - WARNING - SFace alignment failed, falling back to basic resize: OpenCV(4.11.0) :-1: error: (-5:Bad argument) in function 'alignCrop'
> Overload resolution failed:
>  - FaceRecognizerSF.alignCrop() missing required argument 'face_box' (pos 2)
>  - FaceRecognizerSF.alignCrop() missing required argument 'face_box' (pos 2)

2025-07-06 16:12:59,897 - src.face_recognition.core.embedding_recorder - WARNING - Error extracting embedding: 'FaceRecognizer' object has no attribute 'calculate_similarity'
2025-07-06 16:12:59,948 - src.face_recognition.core.face_recognizer - WARNING - SFace alignment failed, falling back to basic resize: OpenCV(4.11.0) :-1: error: (-5:Bad argument) in function 'alignCrop'
> Overload resolution failed:
>  - FaceRecognizerSF.alignCrop() missing required argument 'face_box' (pos 2)
>  - FaceRecognizerSF.alignCrop() missing required argument 'face_box' (pos 2)

2025-07-06 16:12:59,957 - src.face_recognition.core.embedding_recorder - WARNING - Error extracting embedding: 'FaceRecognizer' object has no attribute 'calculate_similarity'
2025-07-06 16:13:00,007 - src.face_recognition.core.face_recognizer - WARNING - SFace alignment failed, falling back to basic resize: OpenCV(4.11.0) :-1: error: (-5:Bad argument) in function 'alignCrop'
> Overload resolution failed:
>  - FaceRecognizerSF.alignCrop() missing required argument 'face_box' (pos 2)
>  - FaceRecognizerSF.alignCrop() missing required argument 'face_box' (pos 2)

2025-07-06 16:13:00,019 - src.face_recognition.core.embedding_recorder - WARNING - Error extracting embedding: 'FaceRecognizer' object has no attribute 'calculate_similarity'
2025-07-06 16:13:00,071 - src.face_recognition.core.face_recognizer - WARNING - SFace alignment failed, falling back to basic resize: OpenCV(4.11.0) :-1: error: (-5:Bad argument) in function 'alignCrop'
> Overload resolution failed:
>  - FaceRecognizerSF.alignCrop() missing required argument 'face_box' (pos 2)
>  - FaceRecognizerSF.alignCrop() missing required argument 'face_box' (pos 2)

2025-07-06 16:13:00,081 - src.face_recognition.core.embedding_recorder - WARNING - Error extracting embedding: 'FaceRecognizer' object has no attribute 'calculate_similarity'
2025-07-06 16:13:00,134 - src.face_recognition.core.face_recognizer - WARNING - SFace alignment failed, falling back to basic resize: OpenCV(4.11.0) :-1: error: (-5:Bad argument) in function 'alignCrop'
> Overload resolution failed:
>  - FaceRecognizerSF.alignCrop() missing required argument 'face_box' (pos 2)
>  - FaceRecognizerSF.alignCrop() missing required argument 'face_box' (pos 2)

2025-07-06 16:13:00,143 - src.face_recognition.core.embedding_recorder - WARNING - Error extracting embedding: 'FaceRecognizer' object has no attribute 'calculate_similarity'
2025-07-06 16:13:00,195 - src.face_recognition.core.face_recognizer - WARNING - SFace alignment failed, falling back to basic resize: OpenCV(4.11.0) :-1: error: (-5:Bad argument) in function 'alignCrop'
> Overload resolution failed:
>  - FaceRecognizerSF.alignCrop() missing required argument 'face_box' (pos 2)
>  - FaceRecognizerSF.alignCrop() missing required argument 'face_box' (pos 2)

2025-07-06 16:13:00,206 - src.face_recognition.core.embedding_recorder - WARNING - Error extracting embedding: 'FaceRecognizer' object has no attribute 'calculate_similarity'
2025-07-06 16:13:00,259 - src.face_recognition.core.face_recognizer - WARNING - SFace alignment failed, falling back to basic resize: OpenCV(4.11.0) :-1: error: (-5:Bad argument) in function 'alignCrop'
> Overload resolution failed:
>  - FaceRecognizerSF.alignCrop() missing required argument 'face_box' (pos 2)
>  - FaceRecognizerSF.alignCrop() missing required argument 'face_box' (pos 2)

2025-07-06 16:13:00,269 - src.face_recognition.core.embedding_recorder - WARNING - Error extracting embedding: 'FaceRecognizer' object has no attribute 'calculate_similarity'
2025-07-06 16:13:00,321 - src.face_recognition.core.face_recognizer - WARNING - SFace alignment failed, falling back to basic resize: OpenCV(4.11.0) :-1: error: (-5:Bad argument) in function 'alignCrop'
> Overload resolution failed:
>  - FaceRecognizerSF.alignCrop() missing required argument 'face_box' (pos 2)
>  - FaceRecognizerSF.alignCrop() missing required argument 'face_box' (pos 2)

2025-07-06 16:13:00,331 - src.face_recognition.core.embedding_recorder - WARNING - Error extracting embedding: 'FaceRecognizer' object has no attribute 'calculate_similarity'
2025-07-06 16:13:00,384 - src.face_recognition.core.face_recognizer - WARNING - SFace alignment failed, falling back to basic resize: OpenCV(4.11.0) :-1: error: (-5:Bad argument) in function 'alignCrop'
> Overload resolution failed:
>  - FaceRecognizerSF.alignCrop() missing required argument 'face_box' (pos 2)
>  - FaceRecognizerSF.alignCrop() missing required argument 'face_box' (pos 2)

2025-07-06 16:13:00,395 - src.face_recognition.core.embedding_recorder - WARNING - Error extracting embedding: 'FaceRecognizer' object has no attribute 'calculate_similarity'
2025-07-06 16:13:00,447 - src.face_recognition.core.face_recognizer - WARNING - SFace alignment failed, falling back to basic resize: OpenCV(4.11.0) :-1: error: (-5:Bad argument) in function 'alignCrop'
> Overload resolution failed:
>  - FaceRecognizerSF.alignCrop() missing required argument 'face_box' (pos 2)
>  - FaceRecognizerSF.alignCrop() missing required argument 'face_box' (pos 2)

2025-07-06 16:13:00,458 - src.face_recognition.core.embedding_recorder - WARNING - Error extracting embedding: 'FaceRecognizer' object has no attribute 'calculate_similarity'
2025-07-06 16:13:00,511 - src.face_recognition.core.face_recognizer - WARNING - SFace alignment failed, falling back to basic resize: OpenCV(4.11.0) :-1: error: (-5:Bad argument) in function 'alignCrop'
> Overload resolution failed:
>  - FaceRecognizerSF.alignCrop() missing required argument 'face_box' (pos 2)
>  - FaceRecognizerSF.alignCrop() missing required argument 'face_box' (pos 2)

2025-07-06 16:13:00,522 - src.face_recognition.core.embedding_recorder - WARNING - Error extracting embedding: 'FaceRecognizer' object has no attribute 'calculate_similarity'
2025-07-06 16:13:00,573 - src.face_recognition.core.face_recognizer - WARNING - SFace alignment failed, falling back to basic resize: OpenCV(4.11.0) :-1: error: (-5:Bad argument) in function 'alignCrop'
> Overload resolution failed:
>  - FaceRecognizerSF.alignCrop() missing required argument 'face_box' (pos 2)
>  - FaceRecognizerSF.alignCrop() missing required argument 'face_box' (pos 2)

2025-07-06 16:13:00,582 - src.face_recognition.core.embedding_recorder - WARNING - Error extracting embedding: 'FaceRecognizer' object has no attribute 'calculate_similarity'
2025-07-06 16:13:00,635 - src.face_recognition.core.face_recognizer - WARNING - SFace alignment failed, falling back to basic resize: OpenCV(4.11.0) :-1: error: (-5:Bad argument) in function 'alignCrop'
> Overload resolution failed:
>  - FaceRecognizerSF.alignCrop() missing required argument 'face_box' (pos 2)
>  - FaceRecognizerSF.alignCrop() missing required argument 'face_box' (pos 2)

2025-07-06 16:13:00,645 - src.face_recognition.core.embedding_recorder - WARNING - Error extracting embedding: 'FaceRecognizer' object has no attribute 'calculate_similarity'
2025-07-06 16:13:00,699 - src.face_recognition.core.face_recognizer - WARNING - SFace alignment failed, falling back to basic resize: OpenCV(4.11.0) :-1: error: (-5:Bad argument) in function 'alignCrop'
> Overload resolution failed:
>  - FaceRecognizerSF.alignCrop() missing required argument 'face_box' (pos 2)
>  - FaceRecognizerSF.alignCrop() missing required argument 'face_box' (pos 2)

2025-07-06 16:13:00,709 - src.face_recognition.core.embedding_recorder - WARNING - Error extracting embedding: 'FaceRecognizer' object has no attribute 'calculate_similarity'
2025-07-06 16:13:00,766 - src.face_recognition.core.face_recognizer - WARNING - SFace alignment failed, falling back to basic resize: OpenCV(4.11.0) :-1: error: (-5:Bad argument) in function 'alignCrop'
> Overload resolution failed:
>  - FaceRecognizerSF.alignCrop() missing required argument 'face_box' (pos 2)
>  - FaceRecognizerSF.alignCrop() missing required argument 'face_box' (pos 2)

2025-07-06 16:13:00,775 - src.face_recognition.core.embedding_recorder - WARNING - Error extracting embedding: 'FaceRecognizer' object has no attribute 'calculate_similarity'
2025-07-06 16:13:00,827 - src.face_recognition.core.face_recognizer - WARNING - SFace alignment failed, falling back to basic resize: OpenCV(4.11.0) :-1: error: (-5:Bad argument) in function 'alignCrop'
> Overload resolution failed:
>  - FaceRecognizerSF.alignCrop() missing required argument 'face_box' (pos 2)
>  - FaceRecognizerSF.alignCrop() missing required argument 'face_box' (pos 2)

2025-07-06 16:13:00,837 - src.face_recognition.core.embedding_recorder - WARNING - Error extracting embedding: 'FaceRecognizer' object has no attribute 'calculate_similarity'
2025-07-06 16:13:00,892 - src.face_recognition.core.face_recognizer - WARNING - SFace alignment failed, falling back to basic resize: OpenCV(4.11.0) :-1: error: (-5:Bad argument) in function 'alignCrop'
> Overload resolution failed:
>  - FaceRecognizerSF.alignCrop() missing required argument 'face_box' (pos 2)
>  - FaceRecognizerSF.alignCrop() missing required argument 'face_box' (pos 2)

2025-07-06 16:13:00,901 - src.face_recognition.core.embedding_recorder - WARNING - Error extracting embedding: 'FaceRecognizer' object has no attribute 'calculate_similarity'
2025-07-06 16:13:00,954 - src.face_recognition.core.face_recognizer - WARNING - SFace alignment failed, falling back to basic resize: OpenCV(4.11.0) :-1: error: (-5:Bad argument) in function 'alignCrop'
> Overload resolution failed:
>  - FaceRecognizerSF.alignCrop() missing required argument 'face_box' (pos 2)
>  - FaceRecognizerSF.alignCrop() missing required argument 'face_box' (pos 2)

2025-07-06 16:13:00,963 - src.face_recognition.core.embedding_recorder - WARNING - Error extracting embedding: 'FaceRecognizer' object has no attribute 'calculate_similarity'
2025-07-06 16:13:01,014 - src.face_recognition.core.face_recognizer - WARNING - SFace alignment failed, falling back to basic resize: OpenCV(4.11.0) :-1: error: (-5:Bad argument) in function 'alignCrop'
> Overload resolution failed:
>  - FaceRecognizerSF.alignCrop() missing required argument 'face_box' (pos 2)
>  - FaceRecognizerSF.alignCrop() missing required argument 'face_box' (pos 2)

2025-07-06 16:13:01,023 - src.face_recognition.core.embedding_recorder - WARNING - Error extracting embedding: 'FaceRecognizer' object has no attribute 'calculate_similarity'
2025-07-06 16:13:01,077 - src.face_recognition.core.face_recognizer - WARNING - SFace alignment failed, falling back to basic resize: OpenCV(4.11.0) :-1: error: (-5:Bad argument) in function 'alignCrop'
> Overload resolution failed:
>  - FaceRecognizerSF.alignCrop() missing required argument 'face_box' (pos 2)
>  - FaceRecognizerSF.alignCrop() missing required argument 'face_box' (pos 2)

2025-07-06 16:13:01,086 - src.face_recognition.core.embedding_recorder - WARNING - Error extracting embedding: 'FaceRecognizer' object has no attribute 'calculate_similarity'
2025-07-06 16:13:01,138 - src.face_recognition.core.face_recognizer - WARNING - SFace alignment failed, falling back to basic resize: OpenCV(4.11.0) :-1: error: (-5:Bad argument) in function 'alignCrop'
> Overload resolution failed:
>  - FaceRecognizerSF.alignCrop() missing required argument 'face_box' (pos 2)
>  - FaceRecognizerSF.alignCrop() missing required argument 'face_box' (pos 2)

2025-07-06 16:13:01,149 - src.face_recognition.core.embedding_recorder - WARNING - Error extracting embedding: 'FaceRecognizer' object has no attribute 'calculate_similarity'
2025-07-06 16:13:01,203 - src.face_recognition.core.face_recognizer - WARNING - SFace alignment failed, falling back to basic resize: OpenCV(4.11.0) :-1: error: (-5:Bad argument) in function 'alignCrop'
> Overload resolution failed:
>  - FaceRecognizerSF.alignCrop() missing required argument 'face_box' (pos 2)
>  - FaceRecognizerSF.alignCrop() missing required argument 'face_box' (pos 2)

2025-07-06 16:13:01,212 - src.face_recognition.core.embedding_recorder - WARNING - Error extracting embedding: 'FaceRecognizer' object has no attribute 'calculate_similarity'
2025-07-06 16:13:01,264 - src.face_recognition.core.face_recognizer - WARNING - SFace alignment failed, falling back to basic resize: OpenCV(4.11.0) :-1: error: (-5:Bad argument) in function 'alignCrop'
> Overload resolution failed:
>  - FaceRecognizerSF.alignCrop() missing required argument 'face_box' (pos 2)
>  - FaceRecognizerSF.alignCrop() missing required argument 'face_box' (pos 2)

2025-07-06 16:13:01,275 - src.face_recognition.core.embedding_recorder - WARNING - Error extracting embedding: 'FaceRecognizer' object has no attribute 'calculate_similarity'
2025-07-06 16:13:01,327 - src.face_recognition.core.face_recognizer - WARNING - SFace alignment failed, falling back to basic resize: OpenCV(4.11.0) :-1: error: (-5:Bad argument) in function 'alignCrop'
> Overload resolution failed:
>  - FaceRecognizerSF.alignCrop() missing required argument 'face_box' (pos 2)
>  - FaceRecognizerSF.alignCrop() missing required argument 'face_box' (pos 2)

2025-07-06 16:13:01,337 - src.face_recognition.core.embedding_recorder - WARNING - Error extracting embedding: 'FaceRecognizer' object has no attribute 'calculate_similarity'
2025-07-06 16:13:01,388 - src.face_recognition.core.face_recognizer - WARNING - SFace alignment failed, falling back to basic resize: OpenCV(4.11.0) :-1: error: (-5:Bad argument) in function 'alignCrop'
> Overload resolution failed:
>  - FaceRecognizerSF.alignCrop() missing required argument 'face_box' (pos 2)
>  - FaceRecognizerSF.alignCrop() missing required argument 'face_box' (pos 2)

2025-07-06 16:13:01,400 - src.face_recognition.core.embedding_recorder - WARNING - Error extracting embedding: 'FaceRecognizer' object has no attribute 'calculate_similarity'
2025-07-06 16:13:01,453 - src.face_recognition.core.face_recognizer - WARNING - SFace alignment failed, falling back to basic resize: OpenCV(4.11.0) :-1: error: (-5:Bad argument) in function 'alignCrop'
> Overload resolution failed:
>  - FaceRecognizerSF.alignCrop() missing required argument 'face_box' (pos 2)
>  - FaceRecognizerSF.alignCrop() missing required argument 'face_box' (pos 2)

2025-07-06 16:13:01,464 - src.face_recognition.core.embedding_recorder - WARNING - Error extracting embedding: 'FaceRecognizer' object has no attribute 'calculate_similarity'
2025-07-06 16:13:01,515 - src.face_recognition.core.face_recognizer - WARNING - SFace alignment failed, falling back to basic resize: OpenCV(4.11.0) :-1: error: (-5:Bad argument) in function 'alignCrop'
> Overload resolution failed:
>  - FaceRecognizerSF.alignCrop() missing required argument 'face_box' (pos 2)
>  - FaceRecognizerSF.alignCrop() missing required argument 'face_box' (pos 2)

2025-07-06 16:13:01,526 - src.face_recognition.core.embedding_recorder - WARNING - Error extracting embedding: 'FaceRecognizer' object has no attribute 'calculate_similarity'
2025-07-06 16:13:01,577 - src.face_recognition.core.face_recognizer - WARNING - SFace alignment failed, falling back to basic resize: OpenCV(4.11.0) :-1: error: (-5:Bad argument) in function 'alignCrop'
> Overload resolution failed:
>  - FaceRecognizerSF.alignCrop() missing required argument 'face_box' (pos 2)
>  - FaceRecognizerSF.alignCrop() missing required argument 'face_box' (pos 2)

2025-07-06 16:13:01,587 - src.face_recognition.core.embedding_recorder - WARNING - Error extracting embedding: 'FaceRecognizer' object has no attribute 'calculate_similarity'
2025-07-06 16:13:01,641 - src.face_recognition.core.face_recognizer - WARNING - SFace alignment failed, falling back to basic resize: OpenCV(4.11.0) :-1: error: (-5:Bad argument) in function 'alignCrop'
> Overload resolution failed:
>  - FaceRecognizerSF.alignCrop() missing required argument 'face_box' (pos 2)
>  - FaceRecognizerSF.alignCrop() missing required argument 'face_box' (pos 2)

2025-07-06 16:13:01,651 - src.face_recognition.core.embedding_recorder - WARNING - Error extracting embedding: 'FaceRecognizer' object has no attribute 'calculate_similarity'
2025-07-06 16:13:01,705 - src.face_recognition.core.face_recognizer - WARNING - SFace alignment failed, falling back to basic resize: OpenCV(4.11.0) :-1: error: (-5:Bad argument) in function 'alignCrop'
> Overload resolution failed:
>  - FaceRecognizerSF.alignCrop() missing required argument 'face_box' (pos 2)
>  - FaceRecognizerSF.alignCrop() missing required argument 'face_box' (pos 2)

2025-07-06 16:13:01,713 - src.face_recognition.core.embedding_recorder - WARNING - Error extracting embedding: 'FaceRecognizer' object has no attribute 'calculate_similarity'
2025-07-06 16:13:01,764 - src.face_recognition.core.face_recognizer - WARNING - SFace alignment failed, falling back to basic resize: OpenCV(4.11.0) :-1: error: (-5:Bad argument) in function 'alignCrop'
> Overload resolution failed:
>  - FaceRecognizerSF.alignCrop() missing required argument 'face_box' (pos 2)
>  - FaceRecognizerSF.alignCrop() missing required argument 'face_box' (pos 2)

2025-07-06 16:13:01,775 - src.face_recognition.core.embedding_recorder - WARNING - Error extracting embedding: 'FaceRecognizer' object has no attribute 'calculate_similarity'
2025-07-06 16:13:01,826 - src.face_recognition.core.face_recognizer - WARNING - SFace alignment failed, falling back to basic resize: OpenCV(4.11.0) :-1: error: (-5:Bad argument) in function 'alignCrop'
> Overload resolution failed:
>  - FaceRecognizerSF.alignCrop() missing required argument 'face_box' (pos 2)
>  - FaceRecognizerSF.alignCrop() missing required argument 'face_box' (pos 2)

2025-07-06 16:13:01,837 - src.face_recognition.core.embedding_recorder - WARNING - Error extracting embedding: 'FaceRecognizer' object has no attribute 'calculate_similarity'
2025-07-06 16:13:01,891 - src.face_recognition.core.face_recognizer - WARNING - SFace alignment failed, falling back to basic resize: OpenCV(4.11.0) :-1: error: (-5:Bad argument) in function 'alignCrop'
> Overload resolution failed:
>  - FaceRecognizerSF.alignCrop() missing required argument 'face_box' (pos 2)
>  - FaceRecognizerSF.alignCrop() missing required argument 'face_box' (pos 2)

2025-07-06 16:13:01,901 - src.face_recognition.core.embedding_recorder - WARNING - Error extracting embedding: 'FaceRecognizer' object has no attribute 'calculate_similarity'
2025-07-06 16:13:01,953 - src.face_recognition.core.face_recognizer - WARNING - SFace alignment failed, falling back to basic resize: OpenCV(4.11.0) :-1: error: (-5:Bad argument) in function 'alignCrop'
> Overload resolution failed:
>  - FaceRecognizerSF.alignCrop() missing required argument 'face_box' (pos 2)
>  - FaceRecognizerSF.alignCrop() missing required argument 'face_box' (pos 2)

2025-07-06 16:13:01,962 - src.face_recognition.core.embedding_recorder - WARNING - Error extracting embedding: 'FaceRecognizer' object has no attribute 'calculate_similarity'
2025-07-06 16:13:02,016 - src.face_recognition.core.face_recognizer - WARNING - SFace alignment failed, falling back to basic resize: OpenCV(4.11.0) :-1: error: (-5:Bad argument) in function 'alignCrop'
> Overload resolution failed:
>  - FaceRecognizerSF.alignCrop() missing required argument 'face_box' (pos 2)
>  - FaceRecognizerSF.alignCrop() missing required argument 'face_box' (pos 2)

2025-07-06 16:13:02,027 - src.face_recognition.core.embedding_recorder - WARNING - Error extracting embedding: 'FaceRecognizer' object has no attribute 'calculate_similarity'
2025-07-06 16:13:02,081 - src.face_recognition.core.face_recognizer - WARNING - SFace alignment failed, falling back to basic resize: OpenCV(4.11.0) :-1: error: (-5:Bad argument) in function 'alignCrop'
> Overload resolution failed:
>  - FaceRecognizerSF.alignCrop() missing required argument 'face_box' (pos 2)
>  - FaceRecognizerSF.alignCrop() missing required argument 'face_box' (pos 2)

2025-07-06 16:13:02,091 - src.face_recognition.core.embedding_recorder - WARNING - Error extracting embedding: 'FaceRecognizer' object has no attribute 'calculate_similarity'
2025-07-06 16:13:02,143 - src.face_recognition.core.face_recognizer - WARNING - SFace alignment failed, falling back to basic resize: OpenCV(4.11.0) :-1: error: (-5:Bad argument) in function 'alignCrop'
> Overload resolution failed:
>  - FaceRecognizerSF.alignCrop() missing required argument 'face_box' (pos 2)
>  - FaceRecognizerSF.alignCrop() missing required argument 'face_box' (pos 2)

2025-07-06 16:13:02,153 - src.face_recognition.core.embedding_recorder - WARNING - Error extracting embedding: 'FaceRecognizer' object has no attribute 'calculate_similarity'
2025-07-06 16:13:02,205 - src.face_recognition.core.face_recognizer - WARNING - SFace alignment failed, falling back to basic resize: OpenCV(4.11.0) :-1: error: (-5:Bad argument) in function 'alignCrop'
> Overload resolution failed:
>  - FaceRecognizerSF.alignCrop() missing required argument 'face_box' (pos 2)
>  - FaceRecognizerSF.alignCrop() missing required argument 'face_box' (pos 2)

2025-07-06 16:13:02,214 - src.face_recognition.core.embedding_recorder - WARNING - Error extracting embedding: 'FaceRecognizer' object has no attribute 'calculate_similarity'
2025-07-06 16:13:02,265 - src.face_recognition.core.face_recognizer - WARNING - SFace alignment failed, falling back to basic resize: OpenCV(4.11.0) :-1: error: (-5:Bad argument) in function 'alignCrop'
> Overload resolution failed:
>  - FaceRecognizerSF.alignCrop() missing required argument 'face_box' (pos 2)
>  - FaceRecognizerSF.alignCrop() missing required argument 'face_box' (pos 2)

2025-07-06 16:13:02,276 - src.face_recognition.core.embedding_recorder - WARNING - Error extracting embedding: 'FaceRecognizer' object has no attribute 'calculate_similarity'
2025-07-06 16:13:02,330 - src.face_recognition.core.face_recognizer - WARNING - SFace alignment failed, falling back to basic resize: OpenCV(4.11.0) :-1: error: (-5:Bad argument) in function 'alignCrop'
> Overload resolution failed:
>  - FaceRecognizerSF.alignCrop() missing required argument 'face_box' (pos 2)
>  - FaceRecognizerSF.alignCrop() missing required argument 'face_box' (pos 2)

2025-07-06 16:13:02,339 - src.face_recognition.core.embedding_recorder - WARNING - Error extracting embedding: 'FaceRecognizer' object has no attribute 'calculate_similarity'
2025-07-06 16:13:02,393 - src.face_recognition.core.face_recognizer - WARNING - SFace alignment failed, falling back to basic resize: OpenCV(4.11.0) :-1: error: (-5:Bad argument) in function 'alignCrop'
> Overload resolution failed:
>  - FaceRecognizerSF.alignCrop() missing required argument 'face_box' (pos 2)
>  - FaceRecognizerSF.alignCrop() missing required argument 'face_box' (pos 2)

2025-07-06 16:13:02,403 - src.face_recognition.core.embedding_recorder - WARNING - Error extracting embedding: 'FaceRecognizer' object has no attribute 'calculate_similarity'
2025-07-06 16:13:02,456 - src.face_recognition.core.face_recognizer - WARNING - SFace alignment failed, falling back to basic resize: OpenCV(4.11.0) :-1: error: (-5:Bad argument) in function 'alignCrop'
> Overload resolution failed:
>  - FaceRecognizerSF.alignCrop() missing required argument 'face_box' (pos 2)
>  - FaceRecognizerSF.alignCrop() missing required argument 'face_box' (pos 2)

2025-07-06 16:13:02,466 - src.face_recognition.core.embedding_recorder - WARNING - Error extracting embedding: 'FaceRecognizer' object has no attribute 'calculate_similarity'
2025-07-06 16:13:02,520 - src.face_recognition.core.face_recognizer - WARNING - SFace alignment failed, falling back to basic resize: OpenCV(4.11.0) :-1: error: (-5:Bad argument) in function 'alignCrop'
> Overload resolution failed:
>  - FaceRecognizerSF.alignCrop() missing required argument 'face_box' (pos 2)
>  - FaceRecognizerSF.alignCrop() missing required argument 'face_box' (pos 2)

2025-07-06 16:13:02,531 - src.face_recognition.core.embedding_recorder - WARNING - Error extracting embedding: 'FaceRecognizer' object has no attribute 'calculate_similarity'
2025-07-06 16:13:02,587 - src.face_recognition.core.face_recognizer - WARNING - SFace alignment failed, falling back to basic resize: OpenCV(4.11.0) :-1: error: (-5:Bad argument) in function 'alignCrop'
> Overload resolution failed:
>  - FaceRecognizerSF.alignCrop() missing required argument 'face_box' (pos 2)
>  - FaceRecognizerSF.alignCrop() missing required argument 'face_box' (pos 2)

2025-07-06 16:13:02,597 - src.face_recognition.core.embedding_recorder - WARNING - Error extracting embedding: 'FaceRecognizer' object has no attribute 'calculate_similarity'
2025-07-06 16:13:02,651 - src.face_recognition.core.face_recognizer - WARNING - SFace alignment failed, falling back to basic resize: OpenCV(4.11.0) :-1: error: (-5:Bad argument) in function 'alignCrop'
> Overload resolution failed:
>  - FaceRecognizerSF.alignCrop() missing required argument 'face_box' (pos 2)
>  - FaceRecognizerSF.alignCrop() missing required argument 'face_box' (pos 2)

2025-07-06 16:13:02,660 - src.face_recognition.core.embedding_recorder - WARNING - Error extracting embedding: 'FaceRecognizer' object has no attribute 'calculate_similarity'
2025-07-06 16:13:02,716 - src.face_recognition.core.face_recognizer - WARNING - SFace alignment failed, falling back to basic resize: OpenCV(4.11.0) :-1: error: (-5:Bad argument) in function 'alignCrop'
> Overload resolution failed:
>  - FaceRecognizerSF.alignCrop() missing required argument 'face_box' (pos 2)
>  - FaceRecognizerSF.alignCrop() missing required argument 'face_box' (pos 2)

2025-07-06 16:13:02,726 - src.face_recognition.core.embedding_recorder - WARNING - Error extracting embedding: 'FaceRecognizer' object has no attribute 'calculate_similarity'
2025-07-06 16:13:02,780 - src.face_recognition.core.face_recognizer - WARNING - SFace alignment failed, falling back to basic resize: OpenCV(4.11.0) :-1: error: (-5:Bad argument) in function 'alignCrop'
> Overload resolution failed:
>  - FaceRecognizerSF.alignCrop() missing required argument 'face_box' (pos 2)
>  - FaceRecognizerSF.alignCrop() missing required argument 'face_box' (pos 2)

2025-07-06 16:13:02,789 - src.face_recognition.core.embedding_recorder - WARNING - Error extracting embedding: 'FaceRecognizer' object has no attribute 'calculate_similarity'
2025-07-06 16:13:02,842 - src.face_recognition.core.face_recognizer - WARNING - SFace alignment failed, falling back to basic resize: OpenCV(4.11.0) :-1: error: (-5:Bad argument) in function 'alignCrop'
> Overload resolution failed:
>  - FaceRecognizerSF.alignCrop() missing required argument 'face_box' (pos 2)
>  - FaceRecognizerSF.alignCrop() missing required argument 'face_box' (pos 2)

2025-07-06 16:13:02,851 - src.face_recognition.core.embedding_recorder - WARNING - Error extracting embedding: 'FaceRecognizer' object has no attribute 'calculate_similarity'
2025-07-06 16:13:02,907 - src.face_recognition.core.face_recognizer - WARNING - SFace alignment failed, falling back to basic resize: OpenCV(4.11.0) :-1: error: (-5:Bad argument) in function 'alignCrop'
> Overload resolution failed:
>  - FaceRecognizerSF.alignCrop() missing required argument 'face_box' (pos 2)
>  - FaceRecognizerSF.alignCrop() missing required argument 'face_box' (pos 2)

2025-07-06 16:13:02,916 - src.face_recognition.core.embedding_recorder - WARNING - Error extracting embedding: 'FaceRecognizer' object has no attribute 'calculate_similarity'
2025-07-06 16:13:02,968 - src.face_recognition.core.face_recognizer - WARNING - SFace alignment failed, falling back to basic resize: OpenCV(4.11.0) :-1: error: (-5:Bad argument) in function 'alignCrop'
> Overload resolution failed:
>  - FaceRecognizerSF.alignCrop() missing required argument 'face_box' (pos 2)
>  - FaceRecognizerSF.alignCrop() missing required argument 'face_box' (pos 2)

2025-07-06 16:13:02,977 - src.face_recognition.core.embedding_recorder - WARNING - Error extracting embedding: 'FaceRecognizer' object has no attribute 'calculate_similarity'
2025-07-06 16:13:03,029 - src.face_recognition.core.face_recognizer - WARNING - SFace alignment failed, falling back to basic resize: OpenCV(4.11.0) :-1: error: (-5:Bad argument) in function 'alignCrop'
> Overload resolution failed:
>  - FaceRecognizerSF.alignCrop() missing required argument 'face_box' (pos 2)
>  - FaceRecognizerSF.alignCrop() missing required argument 'face_box' (pos 2)

2025-07-06 16:13:03,038 - src.face_recognition.core.embedding_recorder - WARNING - Error extracting embedding: 'FaceRecognizer' object has no attribute 'calculate_similarity'
2025-07-06 16:13:03,098 - src.face_recognition.core.face_recognizer - WARNING - SFace alignment failed, falling back to basic resize: OpenCV(4.11.0) :-1: error: (-5:Bad argument) in function 'alignCrop'
> Overload resolution failed:
>  - FaceRecognizerSF.alignCrop() missing required argument 'face_box' (pos 2)
>  - FaceRecognizerSF.alignCrop() missing required argument 'face_box' (pos 2)

2025-07-06 16:13:03,112 - src.face_recognition.core.embedding_recorder - WARNING - Error extracting embedding: 'FaceRecognizer' object has no attribute 'calculate_similarity'
2025-07-06 16:13:03,171 - src.face_recognition.core.face_recognizer - WARNING - SFace alignment failed, falling back to basic resize: OpenCV(4.11.0) :-1: error: (-5:Bad argument) in function 'alignCrop'
> Overload resolution failed:
>  - FaceRecognizerSF.alignCrop() missing required argument 'face_box' (pos 2)
>  - FaceRecognizerSF.alignCrop() missing required argument 'face_box' (pos 2)

2025-07-06 16:13:03,184 - src.face_recognition.core.embedding_recorder - WARNING - Error extracting embedding: 'FaceRecognizer' object has no attribute 'calculate_similarity'
2025-07-06 16:13:03,244 - src.face_recognition.core.face_recognizer - WARNING - SFace alignment failed, falling back to basic resize: OpenCV(4.11.0) :-1: error: (-5:Bad argument) in function 'alignCrop'
> Overload resolution failed:
>  - FaceRecognizerSF.alignCrop() missing required argument 'face_box' (pos 2)
>  - FaceRecognizerSF.alignCrop() missing required argument 'face_box' (pos 2)

2025-07-06 16:13:03,256 - src.face_recognition.core.embedding_recorder - WARNING - Error extracting embedding: 'FaceRecognizer' object has no attribute 'calculate_similarity'
2025-07-06 16:13:03,317 - src.face_recognition.core.face_recognizer - WARNING - SFace alignment failed, falling back to basic resize: OpenCV(4.11.0) :-1: error: (-5:Bad argument) in function 'alignCrop'
> Overload resolution failed:
>  - FaceRecognizerSF.alignCrop() missing required argument 'face_box' (pos 2)
>  - FaceRecognizerSF.alignCrop() missing required argument 'face_box' (pos 2)

2025-07-06 16:13:03,329 - src.face_recognition.core.embedding_recorder - WARNING - Error extracting embedding: 'FaceRecognizer' object has no attribute 'calculate_similarity'
2025-07-06 16:13:03,390 - src.face_recognition.core.face_recognizer - WARNING - SFace alignment failed, falling back to basic resize: OpenCV(4.11.0) :-1: error: (-5:Bad argument) in function 'alignCrop'
> Overload resolution failed:
>  - FaceRecognizerSF.alignCrop() missing required argument 'face_box' (pos 2)
>  - FaceRecognizerSF.alignCrop() missing required argument 'face_box' (pos 2)

2025-07-06 16:13:03,402 - src.face_recognition.core.embedding_recorder - WARNING - Error extracting embedding: 'FaceRecognizer' object has no attribute 'calculate_similarity'
2025-07-06 16:13:03,461 - src.face_recognition.core.face_recognizer - WARNING - SFace alignment failed, falling back to basic resize: OpenCV(4.11.0) :-1: error: (-5:Bad argument) in function 'alignCrop'
> Overload resolution failed:
>  - FaceRecognizerSF.alignCrop() missing required argument 'face_box' (pos 2)
>  - FaceRecognizerSF.alignCrop() missing required argument 'face_box' (pos 2)

2025-07-06 16:13:03,472 - src.face_recognition.core.embedding_recorder - WARNING - Error extracting embedding: 'FaceRecognizer' object has no attribute 'calculate_similarity'
2025-07-06 16:13:03,528 - src.face_recognition.core.face_recognizer - WARNING - SFace alignment failed, falling back to basic resize: OpenCV(4.11.0) :-1: error: (-5:Bad argument) in function 'alignCrop'
> Overload resolution failed:
>  - FaceRecognizerSF.alignCrop() missing required argument 'face_box' (pos 2)
>  - FaceRecognizerSF.alignCrop() missing required argument 'face_box' (pos 2)

2025-07-06 16:13:03,547 - src.face_recognition.core.embedding_recorder - WARNING - Error extracting embedding: 'FaceRecognizer' object has no attribute 'calculate_similarity'
2025-07-06 16:13:03,607 - src.face_recognition.core.face_recognizer - WARNING - SFace alignment failed, falling back to basic resize: OpenCV(4.11.0) :-1: error: (-5:Bad argument) in function 'alignCrop'
> Overload resolution failed:
>  - FaceRecognizerSF.alignCrop() missing required argument 'face_box' (pos 2)
>  - FaceRecognizerSF.alignCrop() missing required argument 'face_box' (pos 2)

2025-07-06 16:13:03,619 - src.face_recognition.core.embedding_recorder - WARNING - Error extracting embedding: 'FaceRecognizer' object has no attribute 'calculate_similarity'
2025-07-06 16:13:03,680 - src.face_recognition.core.face_recognizer - WARNING - SFace alignment failed, falling back to basic resize: OpenCV(4.11.0) :-1: error: (-5:Bad argument) in function 'alignCrop'
> Overload resolution failed:
>  - FaceRecognizerSF.alignCrop() missing required argument 'face_box' (pos 2)
>  - FaceRecognizerSF.alignCrop() missing required argument 'face_box' (pos 2)

2025-07-06 16:13:03,691 - src.face_recognition.core.embedding_recorder - WARNING - Error extracting embedding: 'FaceRecognizer' object has no attribute 'calculate_similarity'
2025-07-06 16:13:03,744 - src.face_recognition.core.face_recognizer - WARNING - SFace alignment failed, falling back to basic resize: OpenCV(4.11.0) :-1: error: (-5:Bad argument) in function 'alignCrop'
> Overload resolution failed:
>  - FaceRecognizerSF.alignCrop() missing required argument 'face_box' (pos 2)
>  - FaceRecognizerSF.alignCrop() missing required argument 'face_box' (pos 2)

2025-07-06 16:13:03,754 - src.face_recognition.core.embedding_recorder - WARNING - Error extracting embedding: 'FaceRecognizer' object has no attribute 'calculate_similarity'
2025-07-06 16:13:03,809 - src.face_recognition.core.face_recognizer - WARNING - SFace alignment failed, falling back to basic resize: OpenCV(4.11.0) :-1: error: (-5:Bad argument) in function 'alignCrop'
> Overload resolution failed:
>  - FaceRecognizerSF.alignCrop() missing required argument 'face_box' (pos 2)
>  - FaceRecognizerSF.alignCrop() missing required argument 'face_box' (pos 2)

2025-07-06 16:13:03,819 - src.face_recognition.core.embedding_recorder - WARNING - Error extracting embedding: 'FaceRecognizer' object has no attribute 'calculate_similarity'
2025-07-06 16:13:03,872 - src.face_recognition.core.face_recognizer - WARNING - SFace alignment failed, falling back to basic resize: OpenCV(4.11.0) :-1: error: (-5:Bad argument) in function 'alignCrop'
> Overload resolution failed:
>  - FaceRecognizerSF.alignCrop() missing required argument 'face_box' (pos 2)
>  - FaceRecognizerSF.alignCrop() missing required argument 'face_box' (pos 2)

2025-07-06 16:13:03,882 - src.face_recognition.core.embedding_recorder - WARNING - Error extracting embedding: 'FaceRecognizer' object has no attribute 'calculate_similarity'
2025-07-06 16:13:03,934 - src.face_recognition.core.face_recognizer - WARNING - SFace alignment failed, falling back to basic resize: OpenCV(4.11.0) :-1: error: (-5:Bad argument) in function 'alignCrop'
> Overload resolution failed:
>  - FaceRecognizerSF.alignCrop() missing required argument 'face_box' (pos 2)
>  - FaceRecognizerSF.alignCrop() missing required argument 'face_box' (pos 2)

2025-07-06 16:13:03,943 - src.face_recognition.core.embedding_recorder - WARNING - Error extracting embedding: 'FaceRecognizer' object has no attribute 'calculate_similarity'
2025-07-06 16:21:59,844 - src.face_recognition.core.embedding_recorder - INFO - Face embedding recording stopped manually
2025-07-06 16:22:16,750 - src.face_recognition.utils.managers - INFO - Advanced notification system initialized
2025-07-06 16:22:16,761 - src.face_recognition.core.face_detector - INFO - YuNet face detector initialized (2025 SOTA)
2025-07-06 16:22:16,822 - src.face_recognition.core.face_recognizer - INFO - SFace recognizer initialized (2025 SOTA)
2025-07-06 16:22:16,823 - src.face_recognition.utils.managers - INFO - Loaded 47 face encodings from database
2025-07-06 16:23:11,103 - src.face_recognition.core.system - INFO - ONNX Runtime available with providers: ['CUDAExecutionProvider', 'CPUExecutionProvider']
2025-07-06 16:29:03,789 - src.face_recognition.core.embedding_recorder - INFO - Started face embedding recording for Swapnil
2025-07-06 16:30:08,334 - src.face_recognition.core.embedding_recorder - INFO - Face embedding recording stopped manually
2025-07-06 16:36:02,905 - src.face_recognition.utils.managers - INFO - Advanced notification system initialized
2025-07-06 16:36:02,916 - src.face_recognition.core.face_detector - INFO - YuNet face detector initialized (2025 SOTA)
2025-07-06 16:36:02,978 - src.face_recognition.core.face_recognizer - INFO - SFace recognizer initialized (2025 SOTA)
2025-07-06 16:36:02,979 - src.face_recognition.utils.managers - INFO - Loaded 47 face encodings from database
2025-07-06 16:36:57,283 - src.face_recognition.core.system - INFO - ONNX Runtime available with providers: ['CUDAExecutionProvider', 'CPUExecutionProvider']
2025-07-06 16:37:37,425 - src.face_recognition.core.embedding_recorder - INFO - Started face embedding recording for Swapnil
2025-07-06 16:37:57,445 - src.face_recognition.core.embedding_recorder - INFO - Face embedding recording stopped manually
2025-07-06 16:41:26,143 - src.face_recognition.utils.managers - INFO - Advanced notification system initialized
2025-07-06 16:41:26,154 - src.face_recognition.core.face_detector - INFO - YuNet face detector initialized (2025 SOTA)
2025-07-06 16:41:26,215 - src.face_recognition.core.face_recognizer - INFO - SFace recognizer initialized (2025 SOTA)
2025-07-06 16:41:26,216 - src.face_recognition.utils.managers - INFO - Loaded 47 face encodings from database
2025-07-06 16:42:20,661 - src.face_recognition.core.system - INFO - ONNX Runtime available with providers: ['CUDAExecutionProvider', 'CPUExecutionProvider']
2025-07-06 16:42:56,673 - src.face_recognition.core.embedding_recorder - INFO - Started face embedding recording for Swapnil
2025-07-06 16:43:16,676 - src.face_recognition.core.embedding_recorder - INFO - Face embedding recording stopped manually
2025-07-06 16:55:39,786 - src.face_recognition.utils.managers - INFO - Advanced notification system initialized
2025-07-06 16:55:39,798 - src.face_recognition.core.face_detector - INFO - YuNet face detector initialized (2025 SOTA)
2025-07-06 16:55:39,873 - src.face_recognition.core.face_recognizer - INFO - SFace recognizer initialized (2025 SOTA)
2025-07-06 16:55:39,874 - src.face_recognition.utils.managers - INFO - Loaded 47 face encodings from database
2025-07-06 16:56:34,512 - src.face_recognition.core.system - INFO - ONNX Runtime available with providers: ['CUDAExecutionProvider', 'CPUExecutionProvider']
2025-07-06 16:57:35,798 - src.face_recognition.core.embedding_recorder - INFO - Started face embedding recording for Swapnil
2025-07-06 16:57:55,812 - src.face_recognition.core.embedding_recorder - INFO - Face embedding recording stopped manually
2025-07-06 17:02:49,391 - src.face_recognition.utils.managers - INFO - Advanced notification system initialized
2025-07-06 17:02:49,402 - src.face_recognition.core.face_detector - INFO - YuNet face detector initialized (2025 SOTA)
2025-07-06 17:02:49,463 - src.face_recognition.core.face_recognizer - INFO - SFace recognizer initialized (2025 SOTA)
2025-07-06 17:02:49,464 - src.face_recognition.utils.managers - INFO - Loaded 47 face encodings from database
2025-07-06 17:03:43,884 - src.face_recognition.core.system - INFO - ONNX Runtime available with providers: ['CUDAExecutionProvider', 'CPUExecutionProvider']
2025-07-06 17:04:28,719 - src.face_recognition.core.batch_processor - INFO - Starting batch recording for Swapnil
2025-07-06 17:04:28,721 - src.face_recognition.core.batch_processor - INFO - Phase 1: Capturing face images...
2025-07-06 17:04:28,721 - src.face_recognition.core.batch_processor - INFO - Starting frame capture for Swapnil
2025-07-06 17:04:39,396 - src.face_recognition.core.batch_processor - INFO - Saved 10 face images
2025-07-06 17:04:41,743 - src.face_recognition.core.batch_processor - INFO - Saved 20 face images
2025-07-06 17:04:43,914 - src.face_recognition.core.batch_processor - INFO - Saved 30 face images
2025-07-06 17:04:46,174 - src.face_recognition.core.batch_processor - INFO - Saved 40 face images
2025-07-06 17:04:48,351 - src.face_recognition.core.batch_processor - INFO - Saved 50 face images
2025-07-06 17:04:51,895 - src.face_recognition.core.batch_processor - INFO - Captured 59 face images for Swapnil
2025-07-06 17:04:51,896 - src.face_recognition.core.batch_processor - INFO - Phase 2: Creating face embeddings...
2025-07-06 17:04:51,897 - src.face_recognition.core.batch_processor - INFO - Processing 59 face images...
2025-07-06 17:04:51,897 - src.face_recognition.core.embedding_recorder - INFO - Started face embedding recording for Swapnil
2025-07-06 17:04:52,556 - src.face_recognition.core.batch_processor - INFO - Created only 1/128 embeddings
2025-07-06 17:04:52,558 - src.face_recognition.core.embedding_recorder - ERROR - Error saving embeddings: ModernFaceEncoding.__init__() got an unexpected keyword argument 'name'
2025-07-06 17:04:52,558 - src.face_recognition.core.embedding_recorder - INFO - Face embedding recording stopped manually
2025-07-06 18:00:55,461 - src.face_recognition.utils.managers - INFO - Advanced notification system initialized
2025-07-06 18:00:55,472 - src.face_recognition.core.face_detector - INFO - YuNet face detector initialized (2025 SOTA)
2025-07-06 18:00:55,539 - src.face_recognition.core.face_recognizer - INFO - SFace recognizer initialized (2025 SOTA)
2025-07-06 18:00:55,540 - src.face_recognition.utils.managers - INFO - Loaded 47 face encodings from database
2025-07-06 18:01:50,202 - src.face_recognition.core.system - INFO - ONNX Runtime available with providers: ['CUDAExecutionProvider', 'CPUExecutionProvider']
2025-07-06 18:04:50,389 - src.face_recognition.utils.managers - INFO - Advanced notification system initialized
2025-07-06 18:04:50,400 - src.face_recognition.core.face_detector - INFO - YuNet face detector initialized (2025 SOTA)
2025-07-06 18:04:50,465 - src.face_recognition.core.face_recognizer - INFO - SFace recognizer initialized (2025 SOTA)
2025-07-06 18:04:50,466 - src.face_recognition.utils.managers - INFO - Loaded 47 face encodings from database
2025-07-06 18:05:44,918 - src.face_recognition.core.system - INFO - ONNX Runtime available with providers: ['CUDAExecutionProvider', 'CPUExecutionProvider']
2025-07-06 18:08:29,988 - src.face_recognition.core.batch_processor - INFO - Starting batch recording for Swapnil
2025-07-06 18:08:29,991 - src.face_recognition.core.batch_processor - INFO - Phase 1: Capturing face images...
2025-07-06 18:08:29,992 - src.face_recognition.core.batch_processor - INFO - Starting frame capture for Swapnil
2025-07-06 18:08:40,799 - src.face_recognition.core.batch_processor - INFO - Saved 10 face images
2025-07-06 18:08:43,148 - src.face_recognition.core.batch_processor - INFO - Saved 20 face images
2025-07-06 18:08:45,403 - src.face_recognition.core.batch_processor - INFO - Saved 30 face images
2025-07-06 18:08:47,581 - src.face_recognition.core.batch_processor - INFO - Saved 40 face images
2025-07-06 18:08:49,752 - src.face_recognition.core.batch_processor - INFO - Saved 50 face images
2025-07-06 18:08:52,282 - src.face_recognition.core.batch_processor - INFO - Saved 60 face images
2025-07-06 18:08:53,321 - src.face_recognition.core.batch_processor - INFO - Captured 63 face images for Swapnil
2025-07-06 18:08:53,322 - src.face_recognition.core.batch_processor - INFO - Phase 2: Creating face embeddings...
2025-07-06 18:08:53,322 - src.face_recognition.core.batch_processor - INFO - Processing 63 face images...
2025-07-06 18:08:53,323 - src.face_recognition.core.embedding_recorder - INFO - Started face embedding recording for Swapnil
2025-07-06 18:08:54,090 - src.face_recognition.core.batch_processor - INFO - Created only 1/128 embeddings
2025-07-06 18:08:54,091 - src.face_recognition.core.embedding_recorder - ERROR - Error saving embeddings: list indices must be integers or slices, not str
2025-07-06 18:08:54,091 - src.face_recognition.core.embedding_recorder - INFO - Face embedding recording stopped manually
2025-07-06 18:09:00,758 - src.face_recognition.core.batch_processor - INFO - Starting batch recording for Swapnil
2025-07-06 18:09:00,760 - src.face_recognition.core.batch_processor - INFO - Phase 1: Capturing face images...
2025-07-06 18:09:00,768 - src.face_recognition.core.batch_processor - INFO - Starting frame capture for Swapnil
2025-07-06 18:09:09,509 - src.face_recognition.core.batch_processor - INFO - Saved 10 face images
2025-07-06 18:09:11,712 - src.face_recognition.core.batch_processor - INFO - Saved 20 face images
2025-07-06 18:09:13,849 - src.face_recognition.core.batch_processor - INFO - Saved 30 face images
2025-07-06 18:09:16,041 - src.face_recognition.core.batch_processor - INFO - Saved 40 face images
2025-07-06 18:09:18,186 - src.face_recognition.core.batch_processor - INFO - Saved 50 face images
2025-07-06 18:09:20,377 - src.face_recognition.core.batch_processor - INFO - Saved 60 face images
2025-07-06 18:09:22,539 - src.face_recognition.core.batch_processor - INFO - Saved 70 face images
2025-07-06 18:09:24,695 - src.face_recognition.core.batch_processor - INFO - Saved 80 face images
2025-07-06 18:09:26,949 - src.face_recognition.core.batch_processor - INFO - Saved 90 face images
2025-07-06 18:09:29,154 - src.face_recognition.core.batch_processor - INFO - Saved 100 face images
2025-07-06 18:09:31,315 - src.face_recognition.core.batch_processor - INFO - Saved 110 face images
2025-07-06 18:09:33,575 - src.face_recognition.core.batch_processor - INFO - Saved 120 face images
2025-07-06 18:09:35,713 - src.face_recognition.core.batch_processor - INFO - Saved 130 face images
2025-07-06 18:09:37,063 - src.face_recognition.core.batch_processor - INFO - Captured 134 face images for Swapnil
2025-07-06 18:09:37,064 - src.face_recognition.core.batch_processor - INFO - Phase 2: Creating face embeddings...
2025-07-06 18:09:37,064 - src.face_recognition.core.batch_processor - INFO - Processing 134 face images...
2025-07-06 18:09:37,065 - src.face_recognition.core.embedding_recorder - INFO - Started face embedding recording for Swapnil
2025-07-06 18:09:38,543 - src.face_recognition.core.batch_processor - INFO - Created only 1/128 embeddings
2025-07-06 18:09:38,544 - src.face_recognition.core.embedding_recorder - ERROR - Error saving embeddings: list indices must be integers or slices, not str
2025-07-06 18:09:38,544 - src.face_recognition.core.embedding_recorder - INFO - Face embedding recording stopped manually
2025-07-06 18:10:36,530 - src.face_recognition.utils.managers - INFO - Advanced notification system initialized
2025-07-06 18:10:36,541 - src.face_recognition.core.face_detector - INFO - YuNet face detector initialized (2025 SOTA)
2025-07-06 18:10:36,602 - src.face_recognition.core.face_recognizer - INFO - SFace recognizer initialized (2025 SOTA)
2025-07-06 18:10:36,602 - src.face_recognition.utils.managers - INFO - Loaded 47 face encodings from database
2025-07-06 18:11:30,998 - src.face_recognition.core.system - INFO - ONNX Runtime available with providers: ['CUDAExecutionProvider', 'CPUExecutionProvider']
2025-07-06 18:12:33,147 - src.face_recognition.core.batch_processor - INFO - Starting batch recording for Swapnil
2025-07-06 18:12:33,149 - src.face_recognition.core.batch_processor - INFO - Phase 1: Capturing face images...
2025-07-06 18:12:33,150 - src.face_recognition.core.batch_processor - INFO - Starting frame capture for Swapnil
2025-07-06 18:12:43,661 - src.face_recognition.core.batch_processor - INFO - Saved 10 face images
2025-07-06 18:12:45,836 - src.face_recognition.core.batch_processor - INFO - Saved 20 face images
2025-07-06 18:12:48,029 - src.face_recognition.core.batch_processor - INFO - Saved 30 face images
2025-07-06 18:12:50,247 - src.face_recognition.core.batch_processor - INFO - Saved 40 face images
2025-07-06 18:12:52,441 - src.face_recognition.core.batch_processor - INFO - Saved 50 face images
2025-07-06 18:12:54,652 - src.face_recognition.core.batch_processor - INFO - Saved 60 face images
2025-07-06 18:12:56,870 - src.face_recognition.core.batch_processor - INFO - Saved 70 face images
2025-07-06 18:12:59,244 - src.face_recognition.core.batch_processor - INFO - Saved 80 face images
2025-07-06 18:13:01,409 - src.face_recognition.core.batch_processor - INFO - Saved 90 face images
2025-07-06 18:13:03,540 - src.face_recognition.core.batch_processor - INFO - Saved 100 face images
2025-07-06 18:13:05,730 - src.face_recognition.core.batch_processor - INFO - Saved 110 face images
2025-07-06 18:13:07,922 - src.face_recognition.core.batch_processor - INFO - Saved 120 face images
2025-07-06 18:13:10,130 - src.face_recognition.core.batch_processor - INFO - Saved 130 face images
2025-07-06 18:13:11,201 - src.face_recognition.core.batch_processor - INFO - Captured 133 face images for Swapnil
2025-07-06 18:13:11,201 - src.face_recognition.core.batch_processor - INFO - Phase 2: Creating face embeddings...
2025-07-06 18:13:11,203 - src.face_recognition.core.batch_processor - INFO - Processing 133 face images...
2025-07-06 18:13:11,203 - src.face_recognition.core.embedding_recorder - INFO - Started face embedding recording for Swapnil
2025-07-06 18:13:12,987 - src.face_recognition.core.batch_processor - INFO - Created only 1/128 embeddings
2025-07-06 18:13:12,989 - src.face_recognition.core.embedding_recorder - ERROR - Error saving embeddings: list indices must be integers or slices, not str
2025-07-06 18:13:12,989 - src.face_recognition.core.embedding_recorder - INFO - Face embedding recording stopped manually
2025-07-06 23:06:27,110 - src.face_recognition.utils.managers - INFO - Advanced notification system initialized
2025-07-06 23:06:27,122 - src.face_recognition.core.face_detector - INFO - YuNet face detector initialized (2025 SOTA)
2025-07-06 23:06:27,184 - src.face_recognition.core.face_recognizer - INFO - SFace recognizer initialized (2025 SOTA)
2025-07-06 23:06:27,186 - src.face_recognition.utils.managers - INFO - Loaded 47 face encodings from database
2025-07-06 23:07:21,807 - src.face_recognition.core.system - INFO - ONNX Runtime available with providers: ['CUDAExecutionProvider', 'CPUExecutionProvider']
2025-07-06 23:51:47,944 - src.face_recognition.utils.managers - INFO - Advanced notification system initialized
2025-07-06 23:51:47,954 - src.face_recognition.core.face_detector - INFO - YuNet face detector initialized (2025 SOTA)
2025-07-06 23:51:48,027 - src.face_recognition.core.face_recognizer - INFO - SFace recognizer initialized (2025 SOTA)
2025-07-06 23:51:48,028 - src.face_recognition.utils.managers - INFO - Loaded 47 face encodings from database
2025-07-06 23:52:42,797 - src.face_recognition.core.system - INFO - ONNX Runtime available with providers: ['CUDAExecutionProvider', 'CPUExecutionProvider']
2025-07-06 23:53:05,344 - src.face_recognition.utils.managers - INFO - Advanced notification system initialized
2025-07-06 23:53:05,357 - src.face_recognition.core.face_detector - INFO - YuNet face detector initialized (2025 SOTA)
2025-07-06 23:53:05,422 - src.face_recognition.core.face_recognizer - INFO - SFace recognizer initialized (2025 SOTA)
2025-07-06 23:53:05,423 - src.face_recognition.utils.managers - INFO - Loaded 47 face encodings from database
2025-07-06 23:54:00,267 - src.face_recognition.core.system - INFO - ONNX Runtime available with providers: ['CUDAExecutionProvider', 'CPUExecutionProvider']
2025-07-06 23:54:51,330 - src.face_recognition.utils.managers - INFO - Saved 48 face encodings to database
2025-07-06 23:54:57,696 - src.face_recognition.utils.managers - INFO - Saved 49 face encodings to database
2025-07-06 23:55:03,291 - src.face_recognition.utils.managers - INFO - Saved 50 face encodings to database
2025-07-06 23:55:24,250 - src.face_recognition.utils.managers - INFO - Saved 51 face encodings to database
2025-07-06 23:55:29,468 - src.face_recognition.utils.managers - INFO - Saved 52 face encodings to database
